horizon_trading_days,leg_fraction,long_short_fraction,avg_price_coverage,min_price_coverage,selected_names_mean,priced_names_mean,period_label,periods,periods_per_year,mean_period_return,period_volatility,annualized_return,annualized_volatility,sharpe_ratio
1,0.1,0.2,0.9673631961319394,0.9239130434782609,95.28571428571429,92.17857142857143,1_trading_days,28,252.0,0.0006223914469025069,0.003943498842205121,0.16975445130218914,0.06260110339167536,2.5054293953593243
2,0.1,0.2,0.9673631961319394,0.9239130434782609,95.28571428571429,92.17857142857143,2_trading_days,28,126.0,0.0012075766740126301,0.00747264280308617,0.16423342437413546,0.0838802074286715,1.813951891511211
3,0.1,0.2,0.9673631961319394,0.9239130434782609,95.28571428571429,92.17857142857143,3_trading_days,28,84.0,0.0013913284212743256,0.008077469078807758,0.12388379325283982,0.07403122695460353,1.578679595013464
4,0.1,0.2,0.9673631961319394,0.9239130434782609,95.28571428571429,92.17857142857143,4_trading_days,28,63.0,0.00034365441832916085,0.00853515994619764,0.021882494463841384,0.06774573185339516,0.31958069921791105
5,0.1,0.2,0.9673631961319394,0.9239130434782609,95.28571428571429,92.17857142857143,5_trading_days,28,50.4,0.0005764844905957734,0.008629759641987722,0.029472408978557185,0.06126521586116706,0.474246567446494
6,0.1,0.2,0.9673631961319394,0.9239130434782609,95.28571428571429,92.17857142857143,6_trading_days,28,42.0,-0.00047727199619693905,0.008141320201568884,-0.01985054017705956,0.05276178516907755,-0.3799231541547536
7,0.1,0.2,0.9673631961319394,0.9239130434782609,95.28571428571429,92.17857142857143,7_trading_days,28,36.0,-0.0010362496137841127,0.011096338766083898,-0.036636361220751756,0.06657803259650338,-0.5603197427342915
8,0.1,0.2,0.9673631961319394,0.9239130434782609,95.28571428571429,92.17857142857143,8_trading_days,28,31.5,-0.0015022406732445206,0.010620220552712336,-0.046252349952524585,0.059605840020336816,-0.7938916923418439
9,0.1,0.2,0.9673631961319394,0.9239130434782609,95.28571428571429,92.17857142857143,9_trading_days,28,28.0,-0.0008230639562695816,0.009697381389293555,-0.022791537864860878,0.051313719049233576,-0.4491155816135003
10,0.1,0.2,0.9673631961319394,0.9239130434782609,95.28571428571429,92.17857142857143,10_trading_days,28,25.2,0.0004432763144487109,0.011357534230421632,0.011230683936124697,0.057014369343517404,0.19592540008298134
11,0.1,0.2,0.9673631961319394,0.9239130434782609,95.28571428571429,92.17857142857143,11_trading_days,28,22.90909090909091,-0.0005370407036886444,0.014277966931112931,-0.012231004823713865,0.06833926436993365,-0.18002994934341365
12,0.1,0.2,0.9673631961319394,0.9239130434782609,95.28571428571429,92.17857142857143,12_trading_days,28,21.0,-0.00012753850751269854,0.01606528748902531,-0.0026748955404467534,0.07362039597968552,-0.036379981690205926
13,0.1,0.2,0.9673631961319394,0.9239130434782609,95.28571428571429,92.17857142857143,13_trading_days,28,19.384615384615383,-0.0010440894805425216,0.016559626499488115,-0.020046194990215982,0.07290866251700577,-0.27759764489876476
14,0.1,0.2,0.9673631961319394,0.9239130434782609,95.28571428571429,92.17857142857143,14_trading_days,28,18.0,-0.0005889805258672702,0.016486627385619342,-0.010548740416846392,0.06994683613960366,-0.15156724808040667
15,0.1,0.2,0.9673631961319394,0.9239130434782609,95.28571428571429,92.17857142857143,15_trading_days,28,16.8,0.0008603161323423499,0.017433693011544796,0.014551961073355546,0.07145687758326139,0.20226619903046444
16,0.1,0.2,0.9673631961319394,0.9239130434782609,95.28571428571429,92.17857142857143,16_trading_days,28,15.75,0.0011994249813032376,0.01681992878844083,0.019058970350765092,0.06675202296604557,0.283001812022014
17,0.1,0.2,0.9673631961319394,0.9239130434782609,95.28571428571429,92.17857142857143,17_trading_days,28,14.823529411764707,0.0017349462715681614,0.019828352527774755,0.02602872471751838,0.07634180803517794,0.33687998419648923
18,0.1,0.2,0.9673631961319394,0.9239130434782609,95.28571428571429,92.17857142857143,18_trading_days,28,14.0,0.0025999790513809742,0.020088838641445898,0.03702130029645523,0.07516555149447583,0.4842604889556192
19,0.1,0.2,0.9673631961319394,0.9239130434782609,95.28571428571429,92.17857142857143,19_trading_days,28,13.263157894736842,0.0031492207016934662,0.017324906650675348,0.04258476410564094,0.06309491696707636,0.6619964558116421
20,0.1,0.2,0.9673631961319394,0.9239130434782609,95.28571428571429,92.17857142857143,20_trading_days,28,12.6,0.0037366976470655697,0.017725143502597573,0.048116393831149074,0.06291801787695421,0.7483133121755835
21,0.1,0.2,0.9673631961319394,0.9239130434782609,95.28571428571429,92.17857142857143,21_trading_days,28,12.0,0.0037078454934119593,0.017791670221763038,0.0454128305377115,0.06163215355120763,0.7219307351312192
22,0.1,0.2,0.9673631961319394,0.9239130434782609,95.28571428571429,92.17857142857143,22_trading_days,28,11.454545454545455,0.003139654579605684,0.01889303638146932,0.03655941895778714,0.0639426588206908,0.5624307271068304
23,0.1,0.2,0.9673631961319394,0.9239130434782609,95.28571428571429,92.17857142857143,23_trading_days,28,10.956521739130435,0.0017997447434057797,0.02162552661498612,0.019896568921349944,0.07158187077581901,0.27547397395867423
24,0.1,0.2,0.9673631961319394,0.9239130434782609,95.28571428571429,92.17857142857143,24_trading_days,28,10.5,0.0015341983627870804,0.023493254049991277,0.016226988589854496,0.07612684382990688,0.21160844189544342
25,0.1,0.2,0.9673631961319394,0.9239130434782609,95.28571428571429,92.17857142857143,25_trading_days,28,10.08,0.0005968831212919774,0.024563162598562907,0.00603291213135182,0.07798562357884864,0.0771498846391857
26,0.1,0.2,0.9673631961319394,0.9239130434782609,95.28571428571429,92.17857142857143,26_trading_days,28,9.692307692307692,0.0006419130727031412,0.02286015435712556,0.006239005014422538,0.07116930994314379,0.08741997101452705
27,0.1,0.2,0.9673631961319394,0.9239130434782609,95.28571428571429,92.17857142857143,27_trading_days,28,9.333333333333334,-0.0011571171635726268,0.024219609612364662,-0.010747838085616968,0.07399212956729409,-0.14595822902383682
28,0.1,0.2,0.9673631961319394,0.9239130434782609,95.28571428571429,92.17857142857143,28_trading_days,28,9.0,-0.0013417125036519796,0.024325879608067074,-0.012010808085779257,0.07297763882420122,-0.16546729556373788
29,0.1,0.2,0.9673631961319394,0.9239130434782609,95.28571428571429,92.17857142857143,29_trading_days,28,8.689655172413794,-0.004332975324884294,0.03256729275191817,-0.03703081877130243,0.09600258552762214,-0.39219841045831816
30,0.1,0.2,0.9673631961319394,0.9239130434782609,95.28571428571429,92.17857142857143,30_trading_days,28,8.4,-0.003426488520828789,0.03356381771720701,-0.028420253872865064,0.09727718551609496,-0.2958813356108009
31,0.1,0.2,0.9673631961319394,0.9239130434782609,95.28571428571429,92.17857142857143,31_trading_days,28,8.129032258064516,-0.0028962021683791783,0.032251162310546276,-0.023301702779950806,0.09195276531758251,-0.25603711613585334
32,0.1,0.2,0.9673631961319394,0.9239130434782609,95.28571428571429,92.17857142857143,32_trading_days,28,7.875,-0.0030131507595035187,0.03216381858870051,-0.02348423370132191,0.0902594920569512,-0.2628927073522434
33,0.1,0.2,0.9673631961319394,0.9239130434782609,95.28571428571429,92.17857142857143,33_trading_days,28,7.636363636363637,-0.0027473440647193237,0.0342647429399982,-0.020789447333762423,0.09468709191787689,-0.2215689370901584
34,0.1,0.2,0.9673631961319394,0.9239130434782609,95.28571428571429,92.17857142857143,34_trading_days,28,7.411764705882353,-0.003390692280432309,0.03689530730007211,-0.02485949989414793,0.100445837408734,-0.2501946722824647
35,0.1,0.2,0.9673631961319394,0.9239130434782609,95.28571428571429,92.17857142857143,35_trading_days,28,7.2,-0.00290590007239215,0.038414699068387397,-0.020734951185663264,0.10307745414253447,-0.20297824286863045
36,0.1,0.2,0.9673631961319394,0.9239130434782609,95.28571428571429,92.17857142857143,36_trading_days,28,7.0,-0.0030019805748264447,0.039237768508741645,-0.02082555842448086,0.10381337747525211,-0.20241961618862245
37,0.1,0.2,0.9673631961319394,0.9239130434782609,95.28571428571429,92.17857142857143,37_trading_days,28,6.8108108108108105,-0.001607881796472195,0.0381331465109133,-0.010899952398346291,0.09951809416237782,-0.11004007677287977
38,0.1,0.2,0.9673631961319394,0.9239130434782609,95.28571428571429,92.17857142857143,38_trading_days,28,6.631578947368421,-0.0019758436228919933,0.037495103988797455,-0.01303028583125776,0.0965568378331678,-0.13570207213602178
39,0.1,0.2,0.9673631961319394,0.9239130434782609,95.28571428571429,92.17857142857143,39_trading_days,28,6.461538461538462,-0.003823694349286471,0.04050133513643287,-0.0244504295371053,0.10295259716454527,-0.23998372827441763
40,0.1,0.2,0.9673631961319394,0.9239130434782609,95.28571428571429,92.17857142857143,40_trading_days,28,6.3,-0.004423862486701494,0.045751797506026384,-0.02754566738820341,0.11483610034612106,-0.24269662224872665
41,0.1,0.2,0.9673631961319394,0.9239130434782609,95.28571428571429,92.17857142857143,41_trading_days,28,6.146341463414634,-0.004002016404318036,0.045816752207797025,-0.024345851484461223,0.11358804957790423,-0.21655235259810623
42,0.1,0.2,0.9673631961319394,0.9239130434782609,95.28571428571429,92.17857142857143,42_trading_days,28,6.0,-0.004955820941776087,0.04634987530460224,-0.029368948517675464,0.11353354413790251,-0.2619043197888657
43,0.1,0.2,0.9673631961319394,0.9239130434782609,95.28571428571429,92.17857142857143,43_trading_days,28,5.8604651162790695,-0.004274555611039556,0.04517327942616183,-0.024792078413787055,0.10935727066956527,-0.2290737862486182
44,0.1,0.2,0.9673631961319394,0.9239130434782609,95.28571428571429,92.17857142857143,44_trading_days,28,5.7272727272727275,-0.004746818690148635,0.04411698186053959,-0.026883094448904354,0.10557953037421614,-0.257496174959649
45,0.1,0.2,0.9673631961319394,0.9239130434782609,95.28571428571429,92.17857142857143,45_trading_days,28,5.6,-0.006137983610166702,0.04546170349152716,-0.03389101617228529,0.10758202597259722,-0.31950233234768033
46,0.1,0.2,0.9673631961319394,0.9239130434782609,95.28571428571429,92.17857142857143,46_trading_days,28,5.478260869565218,-0.006707362214817242,0.04783503231966225,-0.03619709793728798,0.11196116950025957,-0.32819128384817736
47,0.1,0.2,0.9673631961319394,0.9239130434782609,95.28571428571429,92.17857142857143,47_trading_days,28,5.361702127659575,-0.0062958436193039004,0.050188112927679274,-0.033296209920046005,0.11621232980771593,-0.29047208833078936
48,0.1,0.2,0.9673631961319394,0.9239130434782609,95.28571428571429,92.17857142857143,48_trading_days,28,5.25,-0.004240949455531531,0.04867009245026715,-0.022065251881319026,0.11151719136692398,-0.19965517754372297
49,0.1,0.2,0.9673631961319394,0.9239130434782609,95.28571428571429,92.17857142857143,49_trading_days,28,5.142857142857143,-0.003724517700177173,0.04924811706103493,-0.019007458318919368,0.1116842316700248,-0.17150731281965742
50,0.1,0.2,0.9673631961319394,0.9239130434782609,95.28571428571429,92.17857142857143,50_trading_days,28,5.04,-0.002418886497882921,0.0499097404913881,-0.012131765796815408,0.11204708950894365,-0.10880414656693796
51,0.1,0.2,0.9673631961319394,0.9239130434782609,95.28571428571429,92.17857142857143,51_trading_days,28,4.9411764705882355,-0.0027443936361667078,0.05025985853174384,-0.013487394005187281,0.11172141926632563,-0.12137809696753789
52,0.1,0.2,0.9673631961319394,0.9239130434782609,95.28571428571429,92.17857142857143,52_trading_days,28,4.846153846153846,-0.0030532090634833612,0.0500806607181263,-0.014709694718963218,0.11024747421203632,-0.13421006650596154
53,0.1,0.2,0.9673631961319394,0.9239130434782609,95.28571428571429,92.17857142857143,53_trading_days,28,4.754716981132075,-0.0045901908457580114,0.05026762498509572,-0.021637773491196444,0.1096101323175746,-0.1991153363242793
54,0.1,0.2,0.9673631961319394,0.9239130434782609,95.28571428571429,92.17857142857143,54_trading_days,28,4.666666666666667,-0.004509857747231296,0.05206996611397347,-0.02087268919674179,0.11248398285318202,-0.18710221923669512
55,0.1,0.2,0.9673631961319394,0.9239130434782609,95.28571428571429,92.17857142857143,55_trading_days,28,4.581818181818182,-0.004426101116083177,0.04922236758955425,-0.02011945068133547,0.10536137387129227,-0.19247651983931857
56,0.1,0.2,0.9673631961319394,0.9239130434782609,95.28571428571429,92.17857142857143,56_trading_days,28,4.5,-0.004672966586700565,0.049511062697463984,-0.020857054759742977,0.10502882453138729,-0.20021503367266888
57,0.1,0.2,0.9673631961319394,0.9239130434782609,95.28571428571429,92.17857142857143,57_trading_days,28,4.421052631578948,-0.003480413265759348,0.049477167888530384,-0.015295742647880473,0.10403217416050345,-0.1479070331052397
58,0.1,0.2,0.9673631961319394,0.9239130434782609,95.28571428571429,92.17857142857143,58_trading_days,28,4.344827586206897,-0.0033011814306741984,0.049965680077308464,-0.014264081025821884,0.10414971276204543,-0.1377158300939084
59,0.1,0.2,0.9673631961319394,0.9239130434782609,95.28571428571429,92.17857142857143,59_trading_days,28,4.271186440677966,-0.003002264172845734,0.04974327069452125,-0.012760404758326516,0.10280366599724233,-0.12473514346011674
60,0.1,0.2,0.9673631961319394,0.9239130434782609,95.28571428571429,92.17857142857143,60_trading_days,28,4.2,-0.002937252179245236,0.0508430996744169,-0.012278607456787105,0.1041973478305053,-0.11839513586178163
61,0.1,0.2,0.9673631961319394,0.9239130434782609,95.28571428571429,92.17857142857143,61_trading_days,28,4.131147540983607,-0.003070943606004311,0.049090382172551905,-0.012625659958603652,0.09977730422192714,-0.12714836530586524
62,0.1,0.2,0.9673631961319394,0.9239130434782609,95.28571428571429,92.17857142857143,62_trading_days,28,4.064516129032258,-0.0041852363001266355,0.049643496015308416,-0.01690218534657384,0.10008449072180978,-0.16996599895740974
63,0.1,0.2,0.9673631961319394,0.9239130434782609,95.28571428571429,92.17857142857143,63_trading_days,28,4.0,-0.0046001873897973024,0.04798344529476893,-0.018274168158826987,0.09596689058953786,-0.19174060393278206
1,0.15,0.3,0.966730286704005,0.9347826086956522,143.21428571428572,138.46428571428572,1_trading_days,28,252.0,0.00030346369538413354,0.003736903218010272,0.0794603606716604,0.05932149953023299,1.2891253903288056
2,0.15,0.3,0.966730286704005,0.9347826086956522,143.21428571428572,138.46428571428572,2_trading_days,28,126.0,0.0010252936885712328,0.006355238494221286,0.1378275912435687,0.07133737516983953,1.8109301674249692
3,0.15,0.3,0.966730286704005,0.9347826086956522,143.21428571428572,138.46428571428572,3_trading_days,28,84.0,0.001134242947145258,0.006342402594390562,0.09990346304699615,0.05812907995335811,1.6390489516890687
4,0.15,0.3,0.966730286704005,0.9347826086956522,143.21428571428572,138.46428571428572,4_trading_days,28,63.0,2.773330733926604e-06,0.0069607071487414705,0.00017473485831875912,0.05524890019415824,0.003162412928101148
5,0.15,0.3,0.966730286704005,0.9347826086956522,143.21428571428572,138.46428571428572,5_trading_days,28,50.4,0.00029004740024066373,0.007761621852723121,0.014723609366754653,0.05510204895235133,0.26529664958140636
6,0.15,0.3,0.966730286704005,0.9347826086956522,143.21428571428572,138.46428571428572,6_trading_days,28,42.0,-0.0003585868476664816,0.00826546214907163,-0.014950463806461256,0.05356631694063821,-0.2811589159411935
7,0.15,0.3,0.966730286704005,0.9347826086956522,143.21428571428572,138.46428571428572,7_trading_days,28,36.0,-0.0006559860012207696,0.011159286720594791,-0.023346400568596937,0.06695572032356875,-0.35270318846282256
8,0.15,0.3,0.966730286704005,0.9347826086956522,143.21428571428572,138.46428571428572,8_trading_days,28,31.5,-0.0015078191345481464,0.010424591175807381,-0.04642018179551399,0.0585078728655872,-0.8117933606539077
9,0.15,0.3,0.966730286704005,0.9347826086956522,143.21428571428572,138.46428571428572,9_trading_days,28,28.0,-0.0013087877258480592,0.01009147054342263,-0.03600585517463972,0.05339904284166024,-0.6862680372831621
10,0.15,0.3,0.966730286704005,0.9347826086956522,143.21428571428572,138.46428571428572,10_trading_days,28,25.2,-0.0005694102652242759,0.011194114868259025,-0.014250709034089426,0.05619401065621851,-0.25534996552277334
11,0.15,0.3,0.966730286704005,0.9347826086956522,143.21428571428572,138.46428571428572,11_trading_days,28,22.90909090909091,-0.0018418349442165239,0.011297561123977807,-0.04135425221076694,0.054074016287613255,-0.7803149659194502
12,0.15,0.3,0.966730286704005,0.9347826086956522,143.21428571428572,138.46428571428572,12_trading_days,28,21.0,-0.0010769473449464503,0.012743468059846335,-0.0223739862000365,0.05839790700049787,-0.38727234254615744
13,0.15,0.3,0.966730286704005,0.9347826086956522,143.21428571428572,138.46428571428572,13_trading_days,28,19.384615384615383,-0.0011289682371519712,0.013231356838957013,-0.0216589793763583,0.058254969122849054,-0.3756694988969536
14,0.15,0.3,0.966730286704005,0.9347826086956522,143.21428571428572,138.46428571428572,14_trading_days,28,18.0,-0.0003959037629493594,0.012981122033832379,-0.00710233710616015,0.05507423650519789,-0.12939385428277145
15,0.15,0.3,0.966730286704005,0.9347826086956522,143.21428571428572,138.46428571428572,15_trading_days,28,16.8,0.0007832991465794232,0.013144521126023646,0.01324117254627577,0.053876504328192056,0.2442516608422265
16,0.15,0.3,0.966730286704005,0.9347826086956522,143.21428571428572,138.46428571428572,16_trading_days,28,15.75,0.0016101484025173739,0.012697123344463246,0.025663215310719245,0.05039014610304368,0.503269771986568
17,0.15,0.3,0.966730286704005,0.9347826086956522,143.21428571428572,138.46428571428572,17_trading_days,28,14.823529411764707,0.0022080351948824714,0.01475531383142843,0.0332351397881554,0.05680993085229009,0.5761470602499863
18,0.15,0.3,0.966730286704005,0.9347826086956522,143.21428571428572,138.46428571428572,18_trading_days,28,14.0,0.002758562355180739,0.015244028457586377,0.03932005188187948,0.057037931682520235,0.6770910485936456
19,0.15,0.3,0.966730286704005,0.9347826086956522,143.21428571428572,138.46428571428572,19_trading_days,28,13.263157894736842,0.003778651742438362,0.014753906419821938,0.05129465086437901,0.05373168925342478,0.9327243454566826
20,0.15,0.3,0.966730286704005,0.9347826086956522,143.21428571428572,138.46428571428572,20_trading_days,28,12.6,0.004474782622078446,0.014422353651881348,0.05786897850526196,0.0511942769187649,1.1013391424134347
21,0.15,0.3,0.966730286704005,0.9347826086956522,143.21428571428572,138.46428571428572,21_trading_days,28,12.0,0.00502294265640167,0.014889537830540513,0.06196868670338063,0.051578872047430085,1.1686046918861082
22,0.15,0.3,0.966730286704005,0.9347826086956522,143.21428571428572,138.46428571428572,22_trading_days,28,11.454545454545455,0.00442750865763479,0.015889718337832946,0.05190537093713177,0.05377805969978813,0.9430444209475826
23,0.15,0.3,0.966730286704005,0.9347826086956522,143.21428571428572,138.46428571428572,23_trading_days,28,10.956521739130435,0.003938177787207083,0.01796630304134132,0.044004697804743476,0.059469607631810445,0.7255593614344721
24,0.15,0.3,0.966730286704005,0.9347826086956522,143.21428571428572,138.46428571428572,24_trading_days,28,10.5,0.003544922550540767,0.018466126271372684,0.03785477687467087,0.059837088034411776,0.6220504373353227
25,0.15,0.3,0.966730286704005,0.9347826086956522,143.21428571428572,138.46428571428572,25_trading_days,28,10.08,0.002768611167615957,0.020211120488441096,0.028261013595366036,0.06416831823645293,0.43491245113721894
26,0.15,0.3,0.966730286704005,0.9347826086956522,143.21428571428572,138.46428571428572,26_trading_days,28,9.692307692307692,0.0030753103718447056,0.018398160525814267,0.03020840369499367,0.0572780204538405,0.5203890451710874
27,0.15,0.3,0.966730286704005,0.9347826086956522,143.21428571428572,138.46428571428572,27_trading_days,28,9.333333333333334,0.002059471026135754,0.0195819314536884,0.019387506809459776,0.05982378875997583,0.3213057878093979
28,0.15,0.3,0.966730286704005,0.9347826086956522,143.21428571428572,138.46428571428572,28_trading_days,28,9.0,0.0016198778224517725,0.018737255157150766,0.014673722468338202,0.0562117654714523,0.25935674284185206
29,0.15,0.3,0.966730286704005,0.9347826086956522,143.21428571428572,138.46428571428572,29_trading_days,28,8.689655172413794,-0.0007616363992554393,0.024254215934798092,-0.006599009618384777,0.07149711391189328,-0.09256817952742154
30,0.15,0.3,0.966730286704005,0.9347826086956522,143.21428571428572,138.46428571428572,30_trading_days,28,8.4,-0.0004789010510075926,0.024423113935828248,-0.004015648025786689,0.07078490907183935,-0.05683088219243292
31,0.15,0.3,0.966730286704005,0.9347826086956522,143.21428571428572,138.46428571428572,31_trading_days,28,8.129032258064516,-1.3903304383774888e-05,0.02378029233545945,-0.00011301480886061199,0.06780108013629511,-0.0016669411402030754
32,0.15,0.3,0.966730286704005,0.9347826086956522,143.21428571428572,138.46428571428572,32_trading_days,28,7.875,0.0003755527863053824,0.023201759753610236,0.0029612989954539426,0.06510977682618756,0.045422950842696944
33,0.15,0.3,0.966730286704005,0.9347826086956522,143.21428571428572,138.46428571428572,33_trading_days,28,7.636363636363637,0.000294980010312211,0.025811133457443226,0.002254780660515099,0.0713264118300618,0.03158121327579457
34,0.15,0.3,0.966730286704005,0.9347826086956522,143.21428571428572,138.46428571428572,34_trading_days,28,7.411764705882353,-0.00018258081741958542,0.02869858877928058,-0.0013524542202946188,0.07813063485117255,-0.01732030030345164
35,0.15,0.3,0.966730286704005,0.9347826086956522,143.21428571428572,138.46428571428572,35_trading_days,28,7.2,-0.00027217222172277723,0.03038324689713547,-0.0019579873615329646,0.08152680652698537,-0.024036756496225026
36,0.15,0.3,0.966730286704005,0.9347826086956522,143.21428571428572,138.46428571428572,36_trading_days,28,7.0,0.000285627762218354,0.030981756170659496,0.002001108398935747,0.08197002200760584,0.02439177502408086
37,0.15,0.3,0.966730286704005,0.9347826086956522,143.21428571428572,138.46428571428572,37_trading_days,28,6.8108108108108105,0.001299036140454638,0.03045103918233002,0.008880951466277986,0.07946969138311466,0.11133161882295005
38,0.15,0.3,0.966730286704005,0.9347826086956522,143.21428571428572,138.46428571428572,38_trading_days,28,6.631578947368421,0.0007311550031090716,0.029785002058362344,0.004858705826106924,0.07670189725221507,0.06321502204746554
39,0.15,0.3,0.966730286704005,0.9347826086956522,143.21428571428572,138.46428571428572,39_trading_days,28,6.461538461538462,-0.000705709881397042,0.03260417297947428,-0.004551193096765993,0.08287836130171103,-0.05502004950043085
40,0.15,0.3,0.966730286704005,0.9347826086956522,143.21428571428572,138.46428571428572,40_trading_days,28,6.3,-0.0011343729869916616,0.036942339952943166,-0.007125101554970592,0.0927245373757808,-0.07707290885782421
41,0.15,0.3,0.966730286704005,0.9347826086956522,143.21428571428572,138.46428571428572,41_trading_days,28,6.146341463414634,-0.0009638013873958975,0.03765897648966307,-0.005909180679849135,0.09336344202575367,-0.06344937912865188
42,0.15,0.3,0.966730286704005,0.9347826086956522,143.21428571428572,138.46428571428572,42_trading_days,28,6.0,-0.0016290118919290288,0.03684891885730472,-0.009734352507368982,0.09026104877361754,-0.10828670267380097
43,0.15,0.3,0.966730286704005,0.9347826086956522,143.21428571428572,138.46428571428572,43_trading_days,28,5.8604651162790695,-0.0018837460107480589,0.03645729325897067,-0.010989211363848672,0.08825726485759636,-0.12508463526182648
44,0.15,0.3,0.966730286704005,0.9347826086956522,143.21428571428572,138.46428571428572,44_trading_days,28,5.7272727272727275,-0.002129422617208419,0.036048038691283486,-0.012134562658579373,0.08626916065945797,-0.14136898964993497
45,0.15,0.3,0.966730286704005,0.9347826086956522,143.21428571428572,138.46428571428572,45_trading_days,28,5.6,-0.0030114317580800555,0.03780215023305202,-0.016747633991134547,0.0894562147005814,-0.18851700691443082
46,0.15,0.3,0.966730286704005,0.9347826086956522,143.21428571428572,138.46428571428572,46_trading_days,28,5.478260869565218,-0.0038007174735575347,0.03973556210133944,-0.020644905070724917,0.09300380469874778,-0.22387602183702235
47,0.15,0.3,0.966730286704005,0.9347826086956522,143.21428571428572,138.46428571428572,47_trading_days,28,5.361702127659575,-0.003941465328272842,0.04216394009514635,-0.02095210983436302,0.09763207712931442,-0.21645512067418352
48,0.15,0.3,0.966730286704005,0.9347826086956522,143.21428571428572,138.46428571428572,48_trading_days,28,5.25,-0.0020554288738654303,0.04103641912293648,-0.01074397362827162,0.09402624844039487,-0.1147658421641074
49,0.15,0.3,0.966730286704005,0.9347826086956522,143.21428571428572,138.46428571428572,49_trading_days,28,5.142857142857143,-0.0018406113169561922,0.04184260166704777,-0.009429979609117956,0.09489010133052435,-0.0997575187074525
50,0.15,0.3,0.966730286704005,0.9347826086956522,143.21428571428572,138.46428571428572,50_trading_days,28,5.04,-0.0009765519389783664,0.041914170466279814,-0.004912122417903286,0.09409707932139483,-0.052305786831493006
51,0.15,0.3,0.966730286704005,0.9347826086956522,143.21428571428572,138.46428571428572,51_trading_days,28,4.9411764705882355,-0.0012486774996436705,0.04340329063547499,-0.006154772530616137,0.09648012096097398,-0.063950333178873
52,0.15,0.3,0.966730286704005,0.9347826086956522,143.21428571428572,138.46428571428572,52_trading_days,28,4.846153846153846,-0.001667179619992734,0.04367490611408615,-0.00805354635593225,0.09614585783176481,-0.08403283417361958
53,0.15,0.3,0.966730286704005,0.9347826086956522,143.21428571428572,138.46428571428572,53_trading_days,28,4.754716981132075,-0.002920487142725935,0.044061254316445475,-0.013810159048242898,0.09607694648664725,-0.14453092358245154
54,0.15,0.3,0.966730286704005,0.9347826086956522,143.21428571428572,138.46428571428572,54_trading_days,28,4.666666666666667,-0.002521682307704357,0.0457355260863905,-0.011713568821668519,0.09880002842372176,-0.11910776704251995
55,0.15,0.3,0.966730286704005,0.9347826086956522,143.21428571428572,138.46428571428572,55_trading_days,28,4.581818181818182,-0.002038033223950097,0.043898624239071725,-0.009303874717914495,0.09396580431595802,-0.09937548822809623
56,0.15,0.3,0.966730286704005,0.9347826086956522,143.21428571428572,138.46428571428572,56_trading_days,28,4.5,-0.0028347736219260264,0.04331648578357164,-0.012693347594821325,0.09188814250420256,-0.13882619618830244
57,0.15,0.3,0.966730286704005,0.9347826086956522,143.21428571428572,138.46428571428572,57_trading_days,28,4.421052631578948,-0.0019097400527436812,0.04325067632777421,-0.008415523148266213,0.09094016663256951,-0.09284193770973755
58,0.15,0.3,0.966730286704005,0.9347826086956522,143.21428571428572,138.46428571428572,58_trading_days,28,4.344827586206897,-0.0014315650875387953,0.04360640525319984,-0.00620502863689909,0.09089428132828803,-0.06843008595144146
59,0.15,0.3,0.966730286704005,0.9347826086956522,143.21428571428572,138.46428571428572,59_trading_days,28,4.271186440677966,-0.001145019402435755,0.043044222095592256,-0.004881440251754965,0.08895884347053536,-0.054975887221562506
60,0.15,0.3,0.966730286704005,0.9347826086956522,143.21428571428572,138.46428571428572,60_trading_days,28,4.2,-0.0016730132724906105,0.04394473182209638,-0.00700786970800682,0.09005990068086393,-0.0780220241343615
61,0.15,0.3,0.966730286704005,0.9347826086956522,143.21428571428572,138.46428571428572,61_trading_days,28,4.131147540983607,-0.0013052799621738598,0.04310070697927217,-0.005381295081289927,0.08760315487736246,-0.06155376611240222
62,0.15,0.3,0.966730286704005,0.9347826086956522,143.21428571428572,138.46428571428572,62_trading_days,28,4.064516129032258,-0.002249787617671663,0.043664439696006016,-0.00911282410526082,0.08803032744269927,-0.10387667891927067
63,0.15,0.3,0.966730286704005,0.9347826086956522,143.21428571428572,138.46428571428572,63_trading_days,28,4.0,-0.002925488650450815,0.04222364877440055,-0.011650703776481586,0.0844472975488011,-0.13857109631058162
1,0.2,0.4,0.9663367190604703,0.9368421052631579,191.71428571428572,185.28571428571428,1_trading_days,28,252.0,0.00017720784620530025,0.003413265484895075,0.04566434574980782,0.05418390979003596,0.8241630664302424
2,0.2,0.4,0.9663367190604703,0.9368421052631579,191.71428571428572,185.28571428571428,2_trading_days,28,126.0,0.001024311452340375,0.005677224523384519,0.13768692455283227,0.06372668722288756,2.025262078091107
3,0.2,0.4,0.9663367190604703,0.9368421052631579,191.71428571428572,185.28571428571428,3_trading_days,28,84.0,0.0013467872294854555,0.005762830375548696,0.1196924109434716,0.05281721282628538,2.1419177806458793
4,0.2,0.4,0.9663367190604703,0.9368421052631579,191.71428571428572,185.28571428571428,4_trading_days,28,63.0,0.0007003893636254441,0.005678138211579617,0.045096352947660456,0.045068824853078164,0.979047713186365
5,0.2,0.4,0.9663367190604703,0.9368421052631579,191.71428571428572,185.28571428571428,5_trading_days,28,50.4,0.0009218398125886001,0.006251985263976766,0.0475345180171618,0.044384692349339595,1.046773653150189
6,0.2,0.4,0.9663367190604703,0.9368421052631579,191.71428571428572,185.28571428571428,6_trading_days,28,42.0,0.0006631112967413064,0.006702654479864748,0.028232639550317185,0.043438165675025245,0.6411567806867039
7,0.2,0.4,0.9663367190604703,0.9368421052631579,191.71428571428572,185.28571428571428,7_trading_days,28,36.0,0.0005765489085827229,0.00978910363700801,0.020966553067380378,0.058734621822048055,0.3533820439308019
8,0.2,0.4,0.9663367190604703,0.9368421052631579,191.71428571428572,185.28571428571428,8_trading_days,28,31.5,-0.00030943399504052926,0.00895506828540152,-0.009701314872995082,0.05026019609870648,-0.19393419843874288
9,0.2,0.4,0.9663367190604703,0.9368421052631579,191.71428571428572,185.28571428571428,9_trading_days,28,28.0,0.00019716970257704428,0.008900609481207907,0.0055354719011877496,0.047097598408359496,0.11721938822208279
10,0.2,0.4,0.9663367190604703,0.9368421052631579,191.71428571428572,185.28571428571428,10_trading_days,28,25.2,0.0005611095140124572,0.009708513739769794,0.014236379828673762,0.0487363521787334,0.29013168037808207
11,0.2,0.4,0.9663367190604703,0.9368421052631579,191.71428571428572,185.28571428571428,11_trading_days,28,22.90909090909091,-0.0005435578552457937,0.0094711684083322,-0.012378549431127372,0.045332272085513665,-0.27469208462982925
12,0.2,0.4,0.9663367190604703,0.9368421052631579,191.71428571428572,185.28571428571428,12_trading_days,28,21.0,7.119464514682027e-05,0.010585438146869863,0.0014961524504588652,0.04850857157230422,0.03082110026379008
13,0.2,0.4,0.9663367190604703,0.9368421052631579,191.71428571428572,185.28571428571428,13_trading_days,28,19.384615384615383,0.0002748594691985463,0.011067628581843576,0.005341528361464398,0.048728514327430264,0.10934142295887923
14,0.2,0.4,0.9663367190604703,0.9368421052631579,191.71428571428572,185.28571428571428,14_trading_days,28,18.0,0.0009077073530985621,0.011145425792900211,0.016465406410144823,0.04728603694422715,0.3455297464459814
15,0.2,0.4,0.9663367190604703,0.9368421052631579,191.71428571428572,185.28571428571428,15_trading_days,28,16.8,0.0015166570387609584,0.011439726293629576,0.02578742346607199,0.0468889248427503,0.543408455976223
16,0.2,0.4,0.9663367190604703,0.9368421052631579,191.71428571428572,185.28571428571428,16_trading_days,28,15.75,0.0024644452885525365,0.011568689591019749,0.039528518737282026,0.04591181347910968,0.8454254004225658
17,0.2,0.4,0.9663367190604703,0.9368421052631579,191.71428571428572,185.28571428571428,17_trading_days,28,14.823529411764707,0.0026145388444800805,0.013391889770981468,0.0394649568019545,0.051560565946789996,0.7516731585015634
18,0.2,0.4,0.9663367190604703,0.9368421052631579,191.71428571428572,185.28571428571428,18_trading_days,28,14.0,0.0027931206230923894,0.013899658911012414,0.03982162034217751,0.052007761438027836,0.7518817892188878
19,0.2,0.4,0.9663367190604703,0.9368421052631579,191.71428571428572,185.28571428571428,19_trading_days,28,13.263157894736842,0.003864644153403006,0.01309591676479357,0.05248979891255767,0.04769351994460437,1.0747243162821845
20,0.2,0.4,0.9663367190604703,0.9368421052631579,191.71428571428572,185.28571428571428,20_trading_days,28,12.6,0.004781133259023003,0.012989506625604188,0.06194137969900049,0.046108174524105275,1.306542271201721
21,0.2,0.4,0.9663367190604703,0.9368421052631579,191.71428571428572,185.28571428571428,21_trading_days,28,12.0,0.004585647187865411,0.013066057243921325,0.05643705941761423,0.04526215000215022,1.2157567913095328
22,0.2,0.4,0.9663367190604703,0.9368421052631579,191.71428571428572,185.28571428571428,22_trading_days,28,11.454545454545455,0.003961482848984299,0.015005267030415019,0.04632847078667601,0.05078467276865366,0.8935173328339606
23,0.2,0.4,0.9663367190604703,0.9368421052631579,191.71428571428572,185.28571428571428,23_trading_days,28,10.956521739130435,0.0035406779378448854,0.017752528836207496,0.03948458484012307,0.058762001394074316,0.6601802844851541
24,0.2,0.4,0.9663367190604703,0.9368421052631579,191.71428571428572,185.28571428571428,24_trading_days,28,10.5,0.0035183035694415577,0.017720967022024536,0.03756575828336772,0.057422496097388975,0.6433399797961088
25,0.2,0.4,0.9663367190604703,0.9368421052631579,191.71428571428572,185.28571428571428,25_trading_days,28,10.08,0.0026740003057009643,0.019104286712160308,0.027283510484143347,0.06065422993878237,0.4443865350968929
26,0.2,0.4,0.9663367190604703,0.9368421052631579,191.71428571428572,185.28571428571428,26_trading_days,28,9.692307692307692,0.0028439010094252104,0.01749083699080291,0.02790715128275356,0.05445329806250615,0.5061945669144466
27,0.2,0.4,0.9663367190604703,0.9368421052631579,191.71428571428572,185.28571428571428,27_trading_days,28,9.333333333333334,0.0019319358126295102,0.019194869461258215,0.01817723643653535,0.058641294840674665,0.3074864047062024
28,0.2,0.4,0.9663367190604703,0.9368421052631579,191.71428571428572,185.28571428571428,28_trading_days,28,9.0,0.002001387309503124,0.018291976953417048,0.018157361052411503,0.054875930860251144,0.3282401866020151
29,0.2,0.4,0.9663367190604703,0.9368421052631579,191.71428571428572,185.28571428571428,29_trading_days,28,8.689655172413794,-0.00032542147763933667,0.02328071867010956,-0.0028242648785076208,0.06862741715428783,-0.04120511223707799
30,0.2,0.4,0.9663367190604703,0.9368421052631579,191.71428571428572,185.28571428571428,30_trading_days,28,8.4,-4.9608013644427016e-05,0.023505485135258256,-0.0004166308362250071,0.0681253681393966,-0.006116771563869274
31,0.2,0.4,0.9663367190604703,0.9368421052631579,191.71428571428572,185.28571428571428,31_trading_days,28,8.129032258064516,0.000607950111584865,0.023072955127643978,0.00495276903158981,0.06578435864128775,0.0751249411021171
32,0.2,0.4,0.9663367190604703,0.9368421052631579,191.71428571428572,185.28571428571428,32_trading_days,28,7.875,0.0005456147580744989,0.02241114751046547,0.004304783545506341,0.06289112672146017,0.06831991162865464
33,0.2,0.4,0.9663367190604703,0.9368421052631579,191.71428571428572,185.28571428571428,33_trading_days,28,7.636363636363637,0.0005567049420405997,0.024952832959004276,0.004259062618761966,0.06895458670558438,0.06165219137247722
34,0.2,0.4,0.9663367190604703,0.9368421052631579,191.71428571428572,185.28571428571428,34_trading_days,28,7.411764705882353,0.00018194042127517803,0.0282362322734151,0.0013492864034687635,0.07687188977458816,0.017542167844903304
35,0.2,0.4,0.9663367190604703,0.9368421052631579,191.71428571428572,185.28571428571428,35_trading_days,28,7.2,0.000422491533329476,0.029378773510125303,0.0030459260587145653,0.07883152159705234,0.03858785138667133
36,0.2,0.4,0.9663367190604703,0.9368421052631579,191.71428571428572,185.28571428571428,36_trading_days,28,7.0,0.0007602346975573545,0.02957197367541046,0.005333795365698446,0.07824008812248479,0.06801683140451548
37,0.2,0.4,0.9663367190604703,0.9368421052631579,191.71428571428572,185.28571428571428,37_trading_days,28,6.8108108108108105,0.0015966217814698377,0.028907584338767698,0.010924862257084333,0.07544165544820816,0.1441417056055477
38,0.2,0.4,0.9663367190604703,0.9368421052631579,191.71428571428572,185.28571428571428,38_trading_days,28,6.631578947368421,0.0012968578229633572,0.027700360624648396,0.008631683210320817,0.07133355943094755,0.1205633800570269
39,0.2,0.4,0.9663367190604703,0.9368421052631579,191.71428571428572,185.28571428571428,39_trading_days,28,6.461538461538462,-0.00020539423597604897,0.03033307139693524,-0.0013264185981760601,0.07710532183130171,-0.01721233663275849
40,0.2,0.4,0.9663367190604703,0.9368421052631579,191.71428571428572,185.28571428571428,40_trading_days,28,6.3,-0.00092307692546024,0.03433489891849087,-0.005801178111755179,0.08617991232056813,-0.06747958397506496
41,0.2,0.4,0.9663367190604703,0.9368421052631579,191.71428571428572,185.28571428571428,41_trading_days,28,6.146341463414634,-0.0004906752580558955,0.03396622764545066,-0.0030120524695828044,0.08420844699483644,-0.03581419431527522
42,0.2,0.4,0.9663367190604703,0.9368421052631579,191.71428571428572,185.28571428571428,42_trading_days,28,6.0,-0.0006836279495737879,0.03331523924567369,-0.004094763876397511,0.08160533681064529,-0.0502634736617821
43,0.2,0.4,0.9663367190604703,0.9368421052631579,191.71428571428572,185.28571428571428,43_trading_days,28,5.8604651162790695,-0.0010583947766306257,0.03216118208530453,-0.006186753170646875,0.07785706813924467,-0.07966759879273223
44,0.2,0.4,0.9663367190604703,0.9368421052631579,191.71428571428572,185.28571428571428,44_trading_days,28,5.7272727272727275,-0.0012716545311229112,0.03233882534995031,-0.007261255809973277,0.0773923747570657,-0.09410632943458179
45,0.2,0.4,0.9663367190604703,0.9368421052631579,191.71428571428572,185.28571428571428,45_trading_days,28,5.6,-0.002067010719437482,0.03372061294047743,-0.01152036611417906,0.07979753459635433,-0.14505786535137807
46,0.2,0.4,0.9663367190604703,0.9368421052631579,191.71428571428572,185.28571428571428,46_trading_days,28,5.478260869565218,-0.002763974853613408,0.03556572691159481,-0.015048364141706738,0.08324401983339406,-0.18189625291183176
47,0.2,0.4,0.9663367190604703,0.9368421052631579,191.71428571428572,185.28571428571428,47_trading_days,28,5.361702127659575,-0.002683271655972186,0.03738997904761888,-0.014302966577086407,0.08657780345012858,-0.16617311566701956
48,0.2,0.4,0.9663367190604703,0.9368421052631579,191.71428571428572,185.28571428571428,48_trading_days,28,5.25,-0.0014472358136986309,0.03648675428387384,-0.007574657956476272,0.08360165668455306,-0.0908832231708834
49,0.2,0.4,0.9663367190604703,0.9368421052631579,191.71428571428572,185.28571428571428,49_trading_days,28,5.142857142857143,-0.0013731236911215642,0.037172950194633174,-0.007041721842414139,0.08430032718307667,-0.08376929507728599
50,0.2,0.4,0.9663367190604703,0.9368421052631579,191.71428571428572,185.28571428571428,50_trading_days,28,5.04,-0.0009946899480606554,0.03790060827296024,-0.005003174520236131,0.08508665454464834,-0.05891919673014125
51,0.2,0.4,0.9663367190604703,0.9368421052631579,191.71428571428572,185.28571428571428,51_trading_days,28,4.9411764705882355,-0.001216566346289107,0.03892577116116093,-0.005996875059627982,0.08652715163164264,-0.06947263248400908
52,0.2,0.4,0.9663367190604703,0.9368421052631579,191.71428571428572,185.28571428571428,52_trading_days,28,4.846153846153846,-0.0013750949514491119,0.03840585226486864,-0.006646322499083257,0.08454657239835227,-0.07881953695761797
53,0.2,0.4,0.9663367190604703,0.9368421052631579,191.71428571428572,185.28571428571428,53_trading_days,28,4.754716981132075,-0.0023337595020756496,0.03838743769524904,-0.011047853466791935,0.0837050114533253,-0.13256513250207086
54,0.2,0.4,0.9663367190604703,0.9368421052631579,191.71428571428572,185.28571428571428,54_trading_days,28,4.666666666666667,-0.0022714356751954703,0.03935647464360041,-0.010555980486398497,0.08501970232287939,-0.12467737314177414
55,0.2,0.4,0.9663367190604703,0.9368421052631579,191.71428571428572,185.28571428571428,55_trading_days,28,4.581818181818182,-0.0021987247018607414,0.03745684321215309,-0.010034562644915868,0.08017705476141192,-0.12564887605034425
56,0.2,0.4,0.9663367190604703,0.9368421052631579,191.71428571428572,185.28571428571428,56_trading_days,28,4.5,-0.0029261511311828334,0.03648691306157074,-0.013100415743336757,0.07740043095120204,-0.1701241185417231
57,0.2,0.4,0.9663367190604703,0.9368421052631579,191.71428571428572,185.28571428571428,57_trading_days,28,4.421052631578948,-0.001886848273845426,0.03638700450551621,-0.00831497312677909,0.07650840481462579,-0.10903188410065819
58,0.2,0.4,0.9663367190604703,0.9368421052631579,191.71428571428572,185.28571428571428,58_trading_days,28,4.344827586206897,-0.0013559249585605782,0.03611384526649244,-0.005877914896868508,0.07527660196796326,-0.07826150504625179
59,0.2,0.4,0.9663367190604703,0.9368421052631579,191.71428571428572,185.28571428571428,59_trading_days,28,4.271186440677966,-0.0008325676908902122,0.035799771856784506,-0.003551212458291153,0.07398684761490172,-0.0480632970171392
60,0.2,0.4,0.9663367190604703,0.9368421052631579,191.71428571428572,185.28571428571428,60_trading_days,28,4.2,-0.0017217827950803696,0.037265074466758565,-0.007211591198396428,0.07637067667013864,-0.09468932389550382
61,0.2,0.4,0.9663367190604703,0.9368421052631579,191.71428571428572,185.28571428571428,61_trading_days,28,4.131147540983607,-0.0014702913940517098,0.03656560845553606,-0.006060023860889108,0.07432042036470123,-0.08172707645166853
62,0.2,0.4,0.9663367190604703,0.9368421052631579,191.71428571428572,185.28571428571428,62_trading_days,28,4.064516129032258,-0.002131067271201111,0.036861751877887323,-0.008633515125436975,0.0743156699253093,-0.11655357886910186
63,0.2,0.4,0.9663367190604703,0.9368421052631579,191.71428571428572,185.28571428571428,63_trading_days,28,4.0,-0.0025456267007678965,0.03578363018452296,-0.010143691454116643,0.07156726036904593,-0.14227884022057236
1,0.25,0.5,0.9655362772793651,0.9411764705882353,239.85714285714286,231.60714285714286,1_trading_days,28,252.0,-0.0001145632155042243,0.003041279400519526,-0.028458782251837844,0.04827881376742961,-0.5979834228350713
2,0.25,0.5,0.9655362772793651,0.9411764705882353,239.85714285714286,231.60714285714286,2_trading_days,28,126.0,0.0006646282284837388,0.005163104421684978,0.08731933351722865,0.05795570339424839,1.4449510899605764
3,0.25,0.5,0.9655362772793651,0.9411764705882353,239.85714285714286,231.60714285714286,3_trading_days,28,84.0,0.0006589075691025542,0.0048696947196850485,0.056889340257299637,0.04463148932856699,1.2401162640384524
4,0.25,0.5,0.9655362772793651,0.9411764705882353,239.85714285714286,231.60714285714286,4_trading_days,28,63.0,0.0003629221380123069,0.005005981167843205,0.023123237783302608,0.03973374371395743,0.5754326815860489
5,0.25,0.5,0.9655362772793651,0.9411764705882353,239.85714285714286,231.60714285714286,5_trading_days,28,50.4,0.00032990148892084815,0.00553844073815364,0.016763245489495038,0.03931902873706328,0.42287501944160727
6,0.25,0.5,0.9655362772793651,0.9411764705882353,239.85714285714286,231.60714285714286,6_trading_days,28,42.0,0.000176179143413523,0.00566822239075531,0.00742631156603224,0.03673427953539464,0.2014337593374682
7,0.25,0.5,0.9655362772793651,0.9411764705882353,239.85714285714286,231.60714285714286,7_trading_days,28,36.0,0.00031329289837729926,0.007893834395514806,0.011340600505820309,0.04736300637308884,0.2381298233633903
8,0.25,0.5,0.9655362772793651,0.9411764705882353,239.85714285714286,231.60714285714286,8_trading_days,28,31.5,-0.00024390855440659475,0.007491385896373863,-0.007654609714648708,0.042045299064512084,-0.18273432785004484
9,0.25,0.5,0.9655362772793651,0.9411764705882353,239.85714285714286,231.60714285714286,9_trading_days,28,28.0,0.0001553456546112479,0.0079585410653899,0.00435881262123039,0.04211264091583342,0.10328676222914243
10,0.25,0.5,0.9655362772793651,0.9411764705882353,239.85714285714286,231.60714285714286,10_trading_days,28,25.2,0.00040828764087589105,0.008530661545470742,0.010339839203013401,0.04282358108992061,0.2402612833445202
11,0.25,0.5,0.9655362772793651,0.9411764705882353,239.85714285714286,231.60714285714286,11_trading_days,28,22.90909090909091,-0.0008415590582839975,0.008244789824389266,-0.019102656735627055,0.03946240204939023,-0.4885499100502661
12,0.25,0.5,0.9655362772793651,0.9411764705882353,239.85714285714286,231.60714285714286,12_trading_days,28,21.0,-0.0003023151603864009,0.00890003629981919,-0.006329462230177274,0.040785090031776126,-0.15566027592848605
13,0.25,0.5,0.9655362772793651,0.9411764705882353,239.85714285714286,231.60714285714286,13_trading_days,28,19.384615384615383,-6.830712606405121e-05,0.009803866316542825,-0.0013232762886106197,0.04316442648369856,-0.030675893893322804
14,0.25,0.5,0.9655362772793651,0.9411764705882353,239.85714285714286,231.60714285714286,14_trading_days,28,18.0,0.00039570206872803227,0.009934396779391294,0.007146644630280141,0.042148075978232294,0.16899080377436737
15,0.25,0.5,0.9655362772793651,0.9411764705882353,239.85714285714286,231.60714285714286,15_trading_days,28,16.8,0.0009416138779244126,0.010244043669853611,0.015937335983784218,0.04198808445173202,0.3767524371661969
16,0.25,0.5,0.9655362772793651,0.9411764705882353,239.85714285714286,231.60714285714286,16_trading_days,28,15.75,0.0015185560415414787,0.010189260056261433,0.024186988772330276,0.04043737222894763,0.5914641910672129
17,0.25,0.5,0.9655362772793651,0.9411764705882353,239.85714285714286,231.60714285714286,17_trading_days,28,14.823529411764707,0.0015765194540572156,0.011230289595835188,0.023625953941828426,0.043238116293513436,0.5404856755737592
18,0.25,0.5,0.9655362772793651,0.9411764705882353,239.85714285714286,231.60714285714286,18_trading_days,28,14.0,0.0018015314484524732,0.011698397092215767,0.025518921047269938,0.04377139389350392,0.5762082957581508
19,0.25,0.5,0.9655362772793651,0.9411764705882353,239.85714285714286,231.60714285714286,19_trading_days,28,13.263157894736842,0.002418844190402642,0.010864745650233905,0.03256167196340476,0.03956790293257888,0.810796378942345
20,0.25,0.5,0.9655362772793651,0.9411764705882353,239.85714285714286,231.60714285714286,20_trading_days,28,12.6,0.0031617602115918296,0.010770693729269091,0.04057696329023841,0.03823217005301201,1.0420067344024204
21,0.25,0.5,0.9655362772793651,0.9411764705882353,239.85714285714286,231.60714285714286,21_trading_days,28,12.0,0.0031390856826538846,0.011011744465792487,0.038326236250473045,0.03814580178943598,0.9875012825730823
22,0.25,0.5,0.9655362772793651,0.9411764705882353,239.85714285714286,231.60714285714286,22_trading_days,28,11.454545454545455,0.002621911930031124,0.012592221999527286,0.03044784258900246,0.04261782695236365,0.7047006271325349
23,0.25,0.5,0.9655362772793651,0.9411764705882353,239.85714285714286,231.60714285714286,23_trading_days,28,10.956521739130435,0.002456409839089228,0.014702786588077681,0.0272452515529209,0.04866716026526215,0.553015784268095
24,0.25,0.5,0.9655362772793651,0.9411764705882353,239.85714285714286,231.60714285714286,24_trading_days,28,10.5,0.0024549662403802026,0.01445827933438322,0.02607983560606497,0.04685017965564332,0.5502037711158948
25,0.25,0.5,0.9655362772793651,0.9411764705882353,239.85714285714286,231.60714285714286,25_trading_days,28,10.08,0.0016375615189983782,0.015833343239018954,0.01662988188605463,0.05026930635980408,0.3283637930739887
26,0.25,0.5,0.9655362772793651,0.9411764705882353,239.85714285714286,231.60714285714286,26_trading_days,28,9.692307692307692,0.0020393067286375677,0.014143789714421942,0.019941692659255272,0.04403311273541702,0.44888010556316493
27,0.25,0.5,0.9655362772793651,0.9411764705882353,239.85714285714286,231.60714285714286,27_trading_days,28,9.333333333333334,0.0014637227834450467,0.01546595316382539,0.013745030288613291,0.047249267378581074,0.28913490945851283
28,0.25,0.5,0.9655362772793651,0.9411764705882353,239.85714285714286,231.60714285714286,28_trading_days,28,9.0,0.0018821874104181006,0.01470286713625696,0.01706778304117007,0.04410860140877088,0.38404497428464124
29,0.25,0.5,0.9655362772793651,0.9411764705882353,239.85714285714286,231.60714285714286,29_trading_days,28,8.689655172413794,-6.572162097998437e-05,0.01941463644142386,-0.0005709539349947335,0.057230894494468075,-0.009978844970583892
30,0.25,0.5,0.9655362772793651,0.9411764705882353,239.85714285714286,231.60714285714286,30_trading_days,28,8.4,0.0004168935859902361,0.01933597209886608,0.0035073126413043276,0.05604097128769514,0.0624883195607085
31,0.25,0.5,0.9655362772793651,0.9411764705882353,239.85714285714286,231.60714285714286,31_trading_days,28,8.129032258064516,0.0009954209871845692,0.018655559719700558,0.008120579089276658,0.053189720365917396,0.1521310745668596
32,0.25,0.5,0.9655362772793651,0.9411764705882353,239.85714285714286,231.60714285714286,32_trading_days,28,7.875,0.000926274687362422,0.018080089519672805,0.007317681257892561,0.050737125378613405,0.1437687513540883
33,0.25,0.5,0.9655362772793651,0.9411764705882353,239.85714285714286,231.60714285714286,33_trading_days,28,7.636363636363637,0.0007076334060434377,0.02053505388532204,0.005416451192507887,0.056746508741738866,0.09522605230886433
34,0.25,0.5,0.9655362772793651,0.9411764705882353,239.85714285714286,231.60714285714286,34_trading_days,28,7.411764705882353,0.0007031190533652958,0.023483564492902082,0.005223114894059133,0.06393296257562141,0.08151277171931771
35,0.25,0.5,0.9655362772793651,0.9411764705882353,239.85714285714286,231.60714285714286,35_trading_days,28,7.2,0.0009226188063108228,0.024315388985391814,0.006661885171072246,0.06524503520482289,0.10181396001372511
36,0.25,0.5,0.9655362772793651,0.9411764705882353,239.85714285714286,231.60714285714286,36_trading_days,28,7.0,0.001116865060220586,0.024305200245356103,0.007844299375583619,0.06430551541483832,0.12157674767256602
37,0.25,0.5,0.9655362772793651,0.9411764705882353,239.85714285714286,231.60714285714286,37_trading_days,28,6.8108108108108105,0.0017767705765318377,0.024023966324996145,0.012163896076691216,0.06269661860189096,0.19301277358853633
38,0.25,0.5,0.9655362772793651,0.9411764705882353,239.85714285714286,231.60714285714286,38_trading_days,28,6.631578947368421,0.0012606741843967522,0.022804815511193302,0.008389995402332318,0.05872662398236017,0.14235894750645883
39,0.25,0.5,0.9655362772793651,0.9411764705882353,239.85714285714286,231.60714285714286,39_trading_days,28,6.461538461538462,0.0002070842679749458,0.025227375279048506,0.0013388398804201618,0.06412686880256357,0.020866182729417128
40,0.25,0.5,0.9655362772793651,0.9411764705882353,239.85714285714286,231.60714285714286,40_trading_days,28,6.3,-0.00042605586640289257,0.0287227229458663,-0.002681123271852326,0.0720934624260582,-0.037231558424471456
41,0.25,0.5,0.9655362772793651,0.9411764705882353,239.85714285714286,231.60714285714286,41_trading_days,28,6.146341463414634,-0.00010126278726736257,0.028156394252845125,-0.0006222335153546199,0.06980481488128965,-0.008916228330965057
42,0.25,0.5,0.9655362772793651,0.9411764705882353,239.85714285714286,231.60714285714286,42_trading_days,28,6.0,-3.786430667308641e-05,0.027704437414373156,-0.00022716433553837678,0.06786173527608555,-0.0033477752832910333
43,0.25,0.5,0.9655362772793651,0.9411764705882353,239.85714285714286,231.60714285714286,43_trading_days,28,5.8604651162790695,-0.00013780584230729432,0.02677203658263258,-0.0008073359120608359,0.06481081046435794,-0.012460981831194472
44,0.25,0.5,0.9655362772793651,0.9411764705882353,239.85714285714286,231.60714285714286,44_trading_days,28,5.7272727272727275,-0.0005365517437100328,0.026623311680002152,-0.0030690835740210254,0.0637141668726708,-0.04823068901869614
45,0.25,0.5,0.9655362772793651,0.9411764705882353,239.85714285714286,231.60714285714286,45_trading_days,28,5.6,-0.0015319933323570188,0.028054253329502964,-0.008548988773397936,0.06638848038105102,-0.12922667625403303
46,0.25,0.5,0.9655362772793651,0.9411764705882353,239.85714285714286,231.60714285714286,46_trading_days,28,5.478260869565218,-0.002080195011548379,0.030127632328057683,-0.011342898874040053,0.07051578699021109,-0.16160708713939773
47,0.25,0.5,0.9655362772793651,0.9411764705882353,239.85714285714286,231.60714285714286,47_trading_days,28,5.361702127659575,-0.002222644933942096,0.03186121072530362,-0.011859538210522214,0.07377574714191058,-0.16153221801232298
48,0.25,0.5,0.9655362772793651,0.9411764705882353,239.85714285714286,231.60714285714286,48_trading_days,28,5.25,-0.0009832476404145122,0.031181728223109332,-0.005151276000591509,0.07144631494096969,-0.0722507538204199
49,0.25,0.5,0.9655362772793651,0.9411764705882353,239.85714285714286,231.60714285714286,49_trading_days,28,5.142857142857143,-0.0006724474673126147,0.031718269511821454,-0.003453487491939966,0.07193027412480141,-0.04807852190948985
50,0.25,0.5,0.9655362772793651,0.9411764705882353,239.85714285714286,231.60714285714286,50_trading_days,28,5.04,-0.0002952695438128032,0.032396730835990276,-0.001487271162432191,0.07273048034388609,-0.0204612769471641
51,0.25,0.5,0.9655362772793651,0.9411764705882353,239.85714285714286,231.60714285714286,51_trading_days,28,4.9411764705882355,-0.0008620080469439321,0.033608422668262986,-0.004252104818439406,0.07470734676718983,-0.057013587864262125
52,0.25,0.5,0.9655362772793651,0.9411764705882353,239.85714285714286,231.60714285714286,52_trading_days,28,4.846153846153846,-0.0009784720889347174,0.03314864150511331,-0.004732911970298792,0.07297335832025634,-0.06498023917625985
53,0.25,0.5,0.9655362772793651,0.9411764705882353,239.85714285714286,231.60714285714286,53_trading_days,28,4.754716981132075,-0.0018606336336757967,0.03291102245787418,-0.008815936587623918,0.07176351632653905,-0.12327693494629019
54,0.25,0.5,0.9655362772793651,0.9411764705882353,239.85714285714286,231.60714285714286,54_trading_days,28,4.666666666666667,-0.0015610807128500616,0.03382309431191621,-0.007264222581552904,0.07306623461777427,-0.09970464968864626
55,0.25,0.5,0.9655362772793651,0.9411764705882353,239.85714285714286,231.60714285714286,55_trading_days,28,4.581818181818182,-0.001476404609634906,0.03269759666176782,-0.006746753828712815,0.06998980088280705,-0.09665147491235561
56,0.25,0.5,0.9655362772793651,0.9411764705882353,239.85714285714286,231.60714285714286,56_trading_days,28,4.5,-0.0024241598226428756,0.03138621398493456,-0.010862534766413967,0.06658021423355784,-0.16384325775261194
57,0.25,0.5,0.9655362772793651,0.9411764705882353,239.85714285714286,231.60714285714286,57_trading_days,28,4.421052631578948,-0.0016828399132368538,0.03142174709354492,-0.007418536761514383,0.06606830595937842,-0.1126095745744754
58,0.25,0.5,0.9655362772793651,0.9411764705882353,239.85714285714286,231.60714285714286,58_trading_days,28,4.344827586206897,-0.0009386257161998087,0.030975220939010912,-0.004071769813497217,0.0645655249472722,-0.06316322694191046
59,0.25,0.5,0.9655362772793651,0.9411764705882353,239.85714285714286,231.60714285714286,59_trading_days,28,4.271186440677966,-0.0005862331243223624,0.030698206400682094,-0.0025015111897143116,0.06344351936387085,-0.03946677291530986
60,0.25,0.5,0.9655362772793651,0.9411764705882353,239.85714285714286,231.60714285714286,60_trading_days,28,4.2,-0.0016577901222936293,0.0316676940446604,-0.006944272593128353,0.06489946034942141,-0.10728469044496944
61,0.25,0.5,0.9655362772793651,0.9411764705882353,239.85714285714286,231.60714285714286,61_trading_days,28,4.131147540983607,-0.001732871816000526,0.03110665299975691,-0.007139351790063753,0.06322497080534184,-0.11322661047248016
62,0.25,0.5,0.9655362772793651,0.9411764705882353,239.85714285714286,231.60714285714286,62_trading_days,28,4.064516129032258,-0.0026515990424762167,0.031527475726171116,-0.010733758784573277,0.06356142506210745,-0.1695598716570647
63,0.25,0.5,0.9655362772793651,0.9411764705882353,239.85714285714286,231.60714285714286,63_trading_days,28,4.0,-0.003075667716651649,0.030405715780015573,-0.012246028765668826,0.060811431560031146,-0.2023085224438728
1,0.3,0.6,0.9656812555010476,0.9460431654676259,288.07142857142856,278.2142857142857,1_trading_days,28,252.0,3.899358918786563e-05,0.003093590682999128,0.009874628446423728,0.04910922963265287,0.20009241743039982
2,0.3,0.6,0.9656812555010476,0.9460431654676259,288.07142857142856,278.2142857142857,2_trading_days,28,126.0,0.0006269401892156891,0.0048034746018345564,0.08217154452838193,0.053918868678405854,1.4650615967544138
3,0.3,0.6,0.9656812555010476,0.9460431654676259,288.07142857142856,278.2142857142857,3_trading_days,28,84.0,0.000717990079053403,0.005060965761947794,0.06214401990539864,0.04638451738741124,1.3002434872127029
4,0.3,0.6,0.9656812555010476,0.9460431654676259,288.07142857142856,278.2142857142857,4_trading_days,28,63.0,0.0003575615908655458,0.004549598092014241,0.022777896983839696,0.03611131535029092,0.623803924227532
5,0.3,0.6,0.9656812555010476,0.9460431654676259,288.07142857142856,278.2142857142857,5_trading_days,28,50.4,0.0003528461762197043,0.005198019503152972,0.017939321353388715,0.036902277713712975,0.4819064942125436
6,0.3,0.6,0.9656812555010476,0.9460431654676259,288.07142857142856,278.2142857142857,6_trading_days,28,42.0,0.00013277014667324323,0.005484518818837927,0.0055915506956838446,0.035543744320426764,0.15688685215619014
7,0.3,0.6,0.9656812555010476,0.9460431654676259,288.07142857142856,278.2142857142857,7_trading_days,28,36.0,0.00037432532729477364,0.007499526952427779,0.013564362690659193,0.04499716171456668,0.29947915088718663
8,0.3,0.6,0.9656812555010476,0.9460431654676259,288.07142857142856,278.2142857142857,8_trading_days,28,31.5,9.973318850839747e-05,0.006866611615392603,0.0031463782776082194,0.03853876210926222,0.08151780872223409
9,0.3,0.6,0.9656812555010476,0.9460431654676259,288.07142857142856,278.2142857142857,9_trading_days,28,28.0,0.0002750045572297134,0.007360237777477788,0.007728783051099919,0.03894671749901798,0.19770928326953693
10,0.3,0.6,0.9656812555010476,0.9460431654676259,288.07142857142856,278.2142857142857,10_trading_days,28,25.2,0.00046307377374809,0.007890818371543783,0.011735080083892901,0.03961159384866835,0.29459706022013976
11,0.3,0.6,0.9656812555010476,0.9460431654676259,288.07142857142856,278.2142857142857,11_trading_days,28,22.90909090909091,-0.0007912822352949857,0.007462350930963413,-0.01797128769521661,0.03571738018114167,-0.5075276118009521
12,0.3,0.6,0.9656812555010476,0.9460431654676259,288.07142857142856,278.2142857142857,12_trading_days,28,21.0,-0.00022189418989472317,0.007801766499225269,-0.004649452727470527,0.03575218553707043,-0.13033547230161902
13,0.3,0.6,0.9656812555010476,0.9460431654676259,288.07142857142856,278.2142857142857,13_trading_days,28,19.384615384615383,-9.858448904899638e-05,0.008809361282866968,-0.0019092915873281102,0.03878582338694527,-0.04927115724831676
14,0.3,0.6,0.9656812555010476,0.9460431654676259,288.07142857142856,278.2142857142857,14_trading_days,28,18.0,0.0003018194721290739,0.0088916400050856,0.005446710493085982,0.03772403366079369,0.14401297982006486
15,0.3,0.6,0.9656812555010476,0.9460431654676259,288.07142857142856,278.2142857142857,15_trading_days,28,16.8,0.0007612019414029814,0.009182643070142337,0.01286538389834746,0.03763763657645145,0.3397714038073053
16,0.3,0.6,0.9656812555010476,0.9460431654676259,288.07142857142856,278.2142857142857,16_trading_days,28,15.75,0.0014045320418692604,0.009442570239962892,0.02235200400251136,0.03747403888830196,0.5903121284945442
17,0.3,0.6,0.9656812555010476,0.9460431654676259,288.07142857142856,278.2142857142857,17_trading_days,28,14.823529411764707,0.001598398934508749,0.010298561742988632,0.023957475177971643,0.039650839499669646,0.5975639839257683
18,0.3,0.6,0.9656812555010476,0.9460431654676259,288.07142857142856,278.2142857142857,18_trading_days,28,14.0,0.0020982483018439973,0.010902782723149896,0.029779499065709425,0.040794477512465115,0.7200846295148657
19,0.3,0.6,0.9656812555010476,0.9460431654676259,288.07142857142856,278.2142857142857,19_trading_days,28,13.263157894736842,0.0025806923923741808,0.010331260588082774,0.034775029593413276,0.03762502402544842,0.9097171779785193
20,0.3,0.6,0.9656812555010476,0.9460431654676259,288.07142857142856,278.2142857142857,20_trading_days,28,12.6,0.0031703708336187743,0.01055328425208868,0.0406895092555033,0.037460442965451236,1.066369464462508
21,0.3,0.6,0.9656812555010476,0.9460431654676259,288.07142857142856,278.2142857142857,21_trading_days,28,12.0,0.003010867076697223,0.010586215476818992,0.036734761737219124,0.03667172613144496,0.9852387310829603
22,0.3,0.6,0.9656812555010476,0.9460431654676259,288.07142857142856,278.2142857142857,22_trading_days,28,11.454545454545455,0.0026765769359691784,0.011544349968824112,0.03109156682493719,0.03907134970042144,0.7846919139145134
23,0.3,0.6,0.9656812555010476,0.9460431654676259,288.07142857142856,278.2142857142857,23_trading_days,28,10.956521739130435,0.0023782456771045115,0.013872083759989197,0.026368007458188014,0.04591748098336525,0.5674810530575156
24,0.3,0.6,0.9656812555010476,0.9460431654676259,288.07142857142856,278.2142857142857,24_trading_days,28,10.5,0.0023993685531150553,0.01389511748455612,0.025482459430668847,0.04502532669566075,0.5595377459001548
25,0.3,0.6,0.9656812555010476,0.9460431654676259,288.07142857142856,278.2142857142857,25_trading_days,28,10.08,0.0017066055961232622,0.01483552619359378,0.017336484346030856,0.047101335452440586,0.36522498234243
26,0.3,0.6,0.9656812555010476,0.9460431654676259,288.07142857142856,278.2142857142857,26_trading_days,28,9.692307692307692,0.0017057681401163951,0.013421920773397301,0.01665593391756448,0.04178575632655279,0.39565706401340694
27,0.3,0.6,0.9656812555010476,0.9460431654676259,288.07142857142856,278.2142857142857,27_trading_days,28,9.333333333333334,0.0011581612337246835,0.014560486207272655,0.01086181591900126,0.04448302013345828,0.24300294394729255
28,0.3,0.6,0.9656812555010476,0.9460431654676259,288.07142857142856,278.2142857142857,28_trading_days,28,9.0,0.0017019299323028474,0.014026113974190188,0.015422060906606916,0.04207834192257057,0.36402027006937465
29,0.3,0.6,0.9656812555010476,0.9460431654676259,288.07142857142856,278.2142857142857,29_trading_days,28,8.689655172413794,0.0004882698477044271,0.016666737758883717,0.004250870532682027,0.04913057801126078,0.08635959069453637
30,0.3,0.6,0.9656812555010476,0.9460431654676259,288.07142857142856,278.2142857142857,30_trading_days,28,8.4,0.000720272501315757,0.016633560375589773,0.006066437881263376,0.04820863800663194,0.1255021768136249
31,0.3,0.6,0.9656812555010476,0.9460431654676259,288.07142857142856,278.2142857142857,31_trading_days,28,8.129032258064516,0.0011905466869193617,0.016641467733109542,0.00971916318940269,0.04744725049808055,0.20397372494936972
32,0.3,0.6,0.9656812555010476,0.9460431654676259,288.07142857142856,278.2142857142857,32_trading_days,28,7.875,0.001171451569502397,0.016454048401516107,0.009262415010655944,0.04617405880790153,0.19979142722131066
33,0.3,0.6,0.9656812555010476,0.9460431654676259,288.07142857142856,278.2142857142857,33_trading_days,28,7.636363636363637,0.0007494347084890217,0.018182149391432454,0.005737207633206287,0.0502444992424398,0.11390213937887878
34,0.3,0.6,0.9656812555010476,0.9460431654676259,288.07142857142856,278.2142857142857,34_trading_days,28,7.411764705882353,0.0008369602756553185,0.020441536776420577,0.006220022597124508,0.05565117706513817,0.11146848923009846
35,0.3,0.6,0.9656812555010476,0.9460431654676259,288.07142857142856,278.2142857142857,35_trading_days,28,7.2,0.0010453159101305048,0.021139160297364522,0.007550707528016565,0.05672231929460609,0.13268629785480815
36,0.3,0.6,0.9656812555010476,0.9460431654676259,288.07142857142856,278.2142857142857,36_trading_days,28,7.0,0.001085019187870051,0.02118935442052522,0.007619901670520068,0.05606176223871688,0.13547798020956736
37,0.3,0.6,0.9656812555010476,0.9460431654676259,288.07142857142856,278.2142857142857,37_trading_days,28,6.8108108108108105,0.0016332013624935856,0.020771121346359767,0.011176345847930813,0.05420749660439442,0.2052008705932478
38,0.3,0.6,0.9656812555010476,0.9460431654676259,288.07142857142856,278.2142857142857,38_trading_days,28,6.631578947368421,0.0009187435366038308,0.01988035894446767,0.0061085044673396816,0.05119560663812675,0.11900865514572026
39,0.3,0.6,0.9656812555010476,0.9460431654676259,288.07142857142856,278.2142857142857,39_trading_days,28,6.461538461538462,-0.00013136878590374058,0.02142144331812616,-0.0008485400096202023,0.05445235859966322,-0.015588754731514633
40,0.3,0.6,0.9656812555010476,0.9460431654676259,288.07142857142856,278.2142857142857,40_trading_days,28,6.3,-0.000356769071046009,0.024028774860849852,-0.002245521224714664,0.0603117462379799,-0.03726712104672001
41,0.3,0.6,0.9656812555010476,0.9460431654676259,288.07142857142856,278.2142857142857,41_trading_days,28,6.146341463414634,0.00022755655019567427,0.023388870491256243,0.0013994594797683835,0.057985257638577946,0.024120618182935212
42,0.3,0.6,0.9656812555010476,0.9460431654676259,288.07142857142856,278.2142857142857,42_trading_days,28,6.0,0.0005421235478175938,0.022934161732764698,0.003257152943897834,0.0561769939237376,0.05790166151149494
43,0.3,0.6,0.9656812555010476,0.9460431654676259,288.07142857142856,278.2142857142857,43_trading_days,28,5.8604651162790695,0.0003922275801940556,0.022125414011300963,0.002300828227191687,0.05356208182018216,0.0429153605172921
44,0.3,0.6,0.9656812555010476,0.9460431654676259,288.07142857142856,278.2142857142857,44_trading_days,28,5.7272727272727275,-0.00010612123854256857,0.0219847992155984,-0.0006076328433810563,0.05261340823113879,-0.011551908453053684
45,0.3,0.6,0.9656812555010476,0.9460431654676259,288.07142857142856,278.2142857142857,45_trading_days,28,5.6,-0.0010091864671689555,0.022918047124918486,-0.005638342361259374,0.05423399810554181,-0.10420482379241494
46,0.3,0.6,0.9656812555010476,0.9460431654676259,288.07142857142856,278.2142857142857,46_trading_days,28,5.478260869565218,-0.001357453468760535,0.02456519449977351,-0.007413916456552649,0.05749652026607862,-0.12933798751215445
47,0.3,0.6,0.9656812555010476,0.9460431654676259,288.07142857142856,278.2142857142857,47_trading_days,28,5.361702127659575,-0.0012958148989689656,0.02570240186660692,-0.006928167724841394,0.05951480994865719,-0.11674024510619546
48,0.3,0.6,0.9656812555010476,0.9460431654676259,288.07142857142856,278.2142857142857,48_trading_days,28,5.25,-0.0003132197329008433,0.025238574637098065,-0.001643309467283749,0.05782883935364725,-0.028435701219476667
49,0.3,0.6,0.9656812555010476,0.9460431654676259,288.07142857142856,278.2142857142857,49_trading_days,28,5.142857142857143,0.00028193957109948756,0.025506021600369137,0.0014508219982429793,0.057842220076472925,0.02506776080112544
50,0.3,0.6,0.9656812555010476,0.9460431654676259,288.07142857142856,278.2142857142857,50_trading_days,28,5.04,0.0010258391124097525,0.026002221342931408,0.0051809539924516645,0.058374842136186204,0.0885694750913966
51,0.3,0.6,0.9656812555010476,0.9460431654676259,288.07142857142856,278.2142857142857,51_trading_days,28,4.9411764705882355,0.00044735348416955145,0.027229698487174117,0.002212401988164192,0.06052823565469874,0.03651936135433446
52,0.3,0.6,0.9656812555010476,0.9460431654676259,288.07142857142856,278.2142857142857,52_trading_days,28,4.846153846153846,0.00024938802232651354,0.026831023140331124,0.0012091524829691558,0.05906576489466245,0.02046147587756963
53,0.3,0.6,0.9656812555010476,0.9460431654676259,288.07142857142856,278.2142857142857,53_trading_days,28,4.754716981132075,-0.0005505463503666753,0.027180124671924967,-0.0026149878729118115,0.059267114023811615,-0.04416769947558128
54,0.3,0.6,0.9656812555010476,0.9460431654676259,288.07142857142856,278.2142857142857,54_trading_days,28,4.666666666666667,-0.00026519498965964504,0.02761562482497422,-0.001236975061849499,0.05965656790505763,-0.020745018727548296
55,0.3,0.6,0.9656812555010476,0.9460431654676259,288.07142857142856,278.2142857142857,55_trading_days,28,4.581818181818182,-0.0003759417750993928,0.026788242137678837,-0.0017213375171587497,0.05734071994988012,-0.030039679689424642
56,0.3,0.6,0.9656812555010476,0.9460431654676259,288.07142857142856,278.2142857142857,56_trading_days,28,4.5,-0.0012008077377383378,0.025773866922240624,-0.005392290906239938,0.05467462823434798,-0.09883258458861946
57,0.3,0.6,0.9656812555010476,0.9460431654676259,288.07142857142856,278.2142857142857,57_trading_days,28,4.421052631578948,-0.0005523156830270368,0.02618375566188855,-0.0024395108243842056,0.055054748390825234,-0.044352517726081
58,0.3,0.6,0.9656812555010476,0.9460431654676259,288.07142857142856,278.2142857142857,58_trading_days,28,4.344827586206897,0.00010626513872346858,0.0259909994737487,0.0004617857666446845,0.05417628911286938,0.008522246793535975
59,0.3,0.6,0.9656812555010476,0.9460431654676259,288.07142857142856,278.2142857142857,59_trading_days,28,4.271186440677966,0.00039032842878083187,0.026097990959098503,0.0016682301563226698,0.053936323613190076,0.03090988374320938
60,0.3,0.6,0.9656812555010476,0.9460431654676259,288.07142857142856,278.2142857142857,60_trading_days,28,4.2,-0.0005042554638998139,0.026176880923027248,-0.0021161648617361584,0.053646642004929454,-0.03947820160271378
61,0.3,0.6,0.9656812555010476,0.9460431654676259,288.07142857142856,278.2142857142857,61_trading_days,28,4.131147540983607,-0.0005577633021344358,0.02592741402270212,-0.002302191216401739,0.05269805127077357,-0.04372462431720859
62,0.3,0.6,0.9656812555010476,0.9460431654676259,288.07142857142856,278.2142857142857,62_trading_days,28,4.064516129032258,-0.0014431961989209915,0.026485254978275793,-0.005852935566413087,0.05339598273499114,-0.10985647098182191
63,0.3,0.6,0.9656812555010476,0.9460431654676259,288.07142857142856,278.2142857142857,63_trading_days,28,4.0,-0.0018852953848254926,0.02523684979131629,-0.007519882298453795,0.05047369958263258,-0.14940813932127148
1,0.35,0.7,0.9662234887965184,0.9537037037037037,335.85714285714283,324.5357142857143,1_trading_days,28,252.0,1.281378354485385e-05,0.002506671603191345,0.0032342717720175163,0.039792178083311286,0.08114844697725741
2,0.35,0.7,0.9662234887965184,0.9537037037037037,335.85714285714283,324.5357142857143,2_trading_days,28,126.0,0.00032609684107299234,0.004133769402121367,0.04193702418759737,0.04640144645600254,0.8854939902392164
3,0.35,0.7,0.9662234887965184,0.9537037037037037,335.85714285714283,324.5357142857143,3_trading_days,28,84.0,0.0004637224953254699,0.004391296020753886,0.03971190544150627,0.0402468928281261,0.9678434003262434
4,0.35,0.7,0.9662234887965184,0.9537037037037037,335.85714285714283,324.5357142857143,4_trading_days,28,63.0,0.0003108236169182236,0.004046789101677088,0.019771767840481846,0.03212039271409216,0.6096403627486453
5,0.35,0.7,0.9662234887965184,0.9537037037037037,335.85714285714283,324.5357142857143,5_trading_days,28,50.4,0.00018170645458279874,0.0045977271856792795,0.009199228560394568,0.03264062502168562,0.28057077047050133
6,0.35,0.7,0.9662234887965184,0.9537037037037037,335.85714285714283,324.5357142857143,6_trading_days,28,42.0,-9.273376169460809e-06,0.00472754616046342,-0.00038940776614349026,0.030638000805717106,-0.012712376423878024
7,0.35,0.7,0.9662234887965184,0.9537037037037037,335.85714285714283,324.5357142857143,7_trading_days,28,36.0,0.00024756682387248684,0.006622843329871619,0.008951126497050765,0.039737059979229716,0.22428447560206968
8,0.35,0.7,0.9662234887965184,0.9537037037037037,335.85714285714283,324.5357142857143,8_trading_days,28,31.5,-2.385338262854754e-05,0.006101635764278874,-0.0007511082912763367,0.03424534579322717,-0.021941129090536183
9,0.35,0.7,0.9662234887965184,0.9537037037037037,335.85714285714283,324.5357142857143,9_trading_days,28,28.0,0.00024974164205828256,0.006415928800074716,0.007016393281928046,0.03394990406898949,0.20597307030446788
10,0.35,0.7,0.9662234887965184,0.9537037037037037,335.85714285714283,324.5357142857143,10_trading_days,28,25.2,0.00041322675775293726,0.0071475038607415236,0.010465548091340038,0.03588018461868246,0.2902246575942061
11,0.35,0.7,0.9662234887965184,0.9537037037037037,335.85714285714283,324.5357142857143,11_trading_days,28,22.90909090909091,-0.0005536598341094716,0.007215759928278481,-0.012607210836254934,0.0345371107628808,-0.3672525927084265
12,0.35,0.7,0.9662234887965184,0.9537037037037037,335.85714285714283,324.5357142857143,12_trading_days,28,21.0,-0.00021740169008506726,0.007642989312450308,-0.004555523810476414,0.03502457706004203,-0.13034948242087163
13,0.35,0.7,0.9662234887965184,0.9537037037037037,335.85714285714283,324.5357142857143,13_trading_days,28,19.384615384615383,-0.00021088642632643897,0.008276734350759304,-0.004080037310149609,0.03644077549340092,-0.11218071538884614
14,0.35,0.7,0.9662234887965184,0.9537037037037037,335.85714285714283,324.5357142857143,14_trading_days,28,18.0,0.00021051114255721872,0.008113756781100967,0.0037959883703289066,0.03442375464488896,0.11007516771830508
15,0.35,0.7,0.9662234887965184,0.9537037037037037,335.85714285714283,324.5357142857143,15_trading_days,28,16.8,0.0006814640907167478,0.008668051777276838,0.011510438699382064,0.035528439919417745,0.32223752999028366
16,0.35,0.7,0.9662234887965184,0.9537037037037037,335.85714285714283,324.5357142857143,16_trading_days,28,15.75,0.001138457568551311,0.008873020786092214,0.018082043561383987,0.03521370956686026,0.5091967567528811
17,0.35,0.7,0.9662234887965184,0.9537037037037037,335.85714285714283,324.5357142857143,17_trading_days,28,14.823529411764707,0.0010806567214420013,0.009964642564409267,0.016139352095962067,0.03836520602131273,0.41754361192320283
18,0.35,0.7,0.9662234887965184,0.9537037037037037,335.85714285714283,324.5357142857143,18_trading_days,28,14.0,0.0013011719868112326,0.010501223740139997,0.01837127998202015,0.03929198137746069,0.46361642189433716
19,0.35,0.7,0.9662234887965184,0.9537037037037037,335.85714285714283,324.5357142857143,19_trading_days,28,13.263157894736842,0.0017274848190351167,0.009895032313661229,0.023156172588034707,0.036036340905343675,0.6357999547125537
20,0.35,0.7,0.9662234887965184,0.9537037037037037,335.85714285714283,324.5357142857143,20_trading_days,28,12.6,0.0025784082278388224,0.009949632406911253,0.032978247107433134,0.03531769147908026,0.9198773280527907
21,0.35,0.7,0.9662234887965184,0.9537037037037037,335.85714285714283,324.5357142857143,21_trading_days,28,12.0,0.0022024650329666787,0.010045961379448557,0.026752098774223354,0.03480023104015925,0.7594656588659016
22,0.35,0.7,0.9662234887965184,0.9537037037037037,335.85714285714283,324.5357142857143,22_trading_days,28,11.454545454545455,0.001964477933143212,0.011228201202460977,0.0227347103258968,0.03800135796928986,0.5921420439191987
23,0.35,0.7,0.9662234887965184,0.9537037037037037,335.85714285714283,324.5357142857143,23_trading_days,28,10.956521739130435,0.0017681375728580116,0.013541792654164093,0.019544063884568308,0.044824196381491516,0.43219152419186113
24,0.35,0.7,0.9662234887965184,0.9537037037037037,335.85714285714283,324.5357142857143,24_trading_days,28,10.5,0.0019396804626382672,0.013381112179112309,0.02055532760469192,0.04335975914456711,0.46971305328972757
25,0.35,0.7,0.9662234887965184,0.9537037037037037,335.85714285714283,324.5357142857143,25_trading_days,28,10.08,0.0012722626526463037,0.014199799166512797,0.012898736644555875,0.04508296471398614,0.28446238218881403
26,0.35,0.7,0.9662234887965184,0.9537037037037037,335.85714285714283,324.5357142857143,26_trading_days,28,9.692307692307692,0.001507873896778396,0.012850259239432085,0.014710926255959045,0.040006032696617545,0.3653143484535242
27,0.35,0.7,0.9662234887965184,0.9537037037037037,335.85714285714283,324.5357142857143,27_trading_days,28,9.333333333333334,0.00101470062508215,0.013495915250323046,0.009510679318285531,0.0412307021382095,0.22969628641508918
28,0.35,0.7,0.9662234887965184,0.9537037037037037,335.85714285714283,324.5357142857143,28_trading_days,28,9.0,0.0015964192998099368,0.01324220743755603,0.014459864242077014,0.03972662231266809,0.36166612870351705
29,0.35,0.7,0.9662234887965184,0.9537037037037037,335.85714285714283,324.5357142857143,29_trading_days,28,8.689655172413794,0.0004668095872664768,0.015668265296525295,0.004063702390134427,0.04618725881384625,0.08782539706180693
30,0.35,0.7,0.9662234887965184,0.9537037037037037,335.85714285714283,324.5357142857143,30_trading_days,28,8.4,0.000527307138150378,0.015745935060185113,0.00443803157041045,0.04563605543563511,0.09705878210070881
31,0.35,0.7,0.9662234887965184,0.9537037037037037,335.85714285714283,324.5357142857143,31_trading_days,28,8.129032258064516,0.0009568092717074433,0.015681251879903033,0.007804512477508352,0.04470953512044755,0.17396587581533243
32,0.35,0.7,0.9662234887965184,0.9537037037037037,335.85714285714283,324.5357142857143,32_trading_days,28,7.875,0.0009635160349023233,0.015714820676059144,0.007612867330626161,0.04409960614830342,0.1720579714326475
33,0.35,0.7,0.9662234887965184,0.9537037037037037,335.85714285714283,324.5357142857143,33_trading_days,28,7.636363636363637,0.0006435544117047875,0.017293067616823633,0.00492492259882682,0.04778761322808061,0.10283868926678387
34,0.35,0.7,0.9662234887965184,0.9537037037037037,335.85714285714283,324.5357142857143,34_trading_days,28,7.411764705882353,0.0006898073268023356,0.01915598493554785,0.00512401009068264,0.052151319206831394,0.0980356715115058
35,0.35,0.7,0.9662234887965184,0.9537037037037037,335.85714285714283,324.5357142857143,35_trading_days,28,7.2,0.0010895931560427636,0.01963633043690039,0.007871619426449428,0.0526898036226689,0.14889162957769475
36,0.35,0.7,0.9662234887965184,0.9537037037037037,335.85714285714283,324.5357142857143,36_trading_days,28,7.0,0.0009441414221450386,0.019857300182926245,0.0066277389027347144,0.05253747799318025,0.12579572159655564
37,0.35,0.7,0.9662234887965184,0.9537037037037037,335.85714285714283,324.5357142857143,37_trading_days,28,6.8108108108108105,0.0013369702532046962,0.01951024990846974,0.009141298524688368,0.050916933565053266,0.17883738899211313
38,0.35,0.7,0.9662234887965184,0.9537037037037037,335.85714285714283,324.5357142857143,38_trading_days,28,6.631578947368421,0.0006832201939652961,0.0185815091236157,0.004539554281808744,0.04785082776888791,0.09468652614747708
39,0.35,0.7,0.9662234887965184,0.9537037037037037,335.85714285714283,324.5357142857143,39_trading_days,28,6.461538461538462,-0.0003509482522470645,0.01984672124694257,-0.0022654935267620857,0.0504494849537807,-0.04494923252401152
40,0.35,0.7,0.9662234887965184,0.9537037037037037,335.85714285714283,324.5357142857143,40_trading_days,28,6.3,-0.0005977545495801994,0.02211971807790908,-0.003759893471970144,0.05552005174196904,-0.06782871312615421
41,0.35,0.7,0.9662234887965184,0.9537037037037037,335.85714285714283,324.5357142857143,41_trading_days,28,6.146341463414634,3.4052276356172015e-05,0.021497007468835903,0.00020931525803669082,0.053294985621682014,0.003927140905474707
42,0.35,0.7,0.9662234887965184,0.9537037037037037,335.85714285714283,324.5357142857143,42_trading_days,28,6.0,0.0003620919400923708,0.021273644195172647,0.0021745192488902276,0.052109573247694295,0.04169198681070285
43,0.35,0.7,0.9662234887965184,0.9537037037037037,335.85714285714283,324.5357142857143,43_trading_days,28,5.8604651162790695,0.0002079257517578408,0.020744968912610386,0.0012191575184692383,0.05022024544656365,0.024263951801062073
44,0.35,0.7,0.9662234887965184,0.9537037037037037,335.85714285714283,324.5357142857143,44_trading_days,28,5.7272727272727275,-3.900879287146309e-05,0.02036498920232071,-0.0002233933971832469,0.04873692409090618,-0.004584080749943104
45,0.35,0.7,0.9662234887965184,0.9537037037037037,335.85714285714283,324.5357142857143,45_trading_days,28,5.6,-0.0007378107570979116,0.02104245054283776,-0.004124735026983739,0.04979552649734241,-0.08297412499431683
46,0.35,0.7,0.9662234887965184,0.9537037037037037,335.85714285714283,324.5357142857143,46_trading_days,28,5.478260869565218,-0.0013440236392660025,0.022475504919875676,-0.007340788337588,0.05260545867560284,-0.13996479255443361
47,0.35,0.7,0.9662234887965184,0.9537037037037037,335.85714285714283,324.5357142857143,47_trading_days,28,5.361702127659575,-0.0012952372677573108,0.023440012347471686,-0.006925088100977028,0.05427616793535563,-0.12795075036671055
48,0.35,0.7,0.9662234887965184,0.9537037037037037,335.85714285714283,324.5357142857143,48_trading_days,28,5.25,-0.000475311917808916,0.022859560274450914,-0.002492868430142736,0.0523778326555384,-0.04764205470103483
49,0.35,0.7,0.9662234887965184,0.9537037037037037,335.85714285714283,324.5357142857143,49_trading_days,28,5.142857142857143,-0.00010187369643211222,0.023297918367655063,-0.00052381131903112,0.05283471262825645,-0.009916243342732799
50,0.35,0.7,0.9662234887965184,0.9537037037037037,335.85714285714283,324.5357142857143,50_trading_days,28,5.04,0.0007655767158430141,0.023862450818827298,0.0038644783241490455,0.05357106922367703,0.07202594056389361
51,0.35,0.7,0.9662234887965184,0.9537037037037037,335.85714285714283,324.5357142857143,51_trading_days,28,4.9411764705882355,0.00023287873620590004,0.025137238062445118,0.0011512231156398656,0.055876956179614405,0.02059337176746084
52,0.35,0.7,0.9662234887965184,0.9537037037037037,335.85714285714283,324.5357142857143,52_trading_days,28,4.846153846153846,9.000697854361332e-05,0.024728627290110352,0.0004362631715701948,0.054437554544458054,0.008012624169103567
53,0.35,0.7,0.9662234887965184,0.9537037037037037,335.85714285714283,324.5357142857143,53_trading_days,28,4.754716981132075,-0.0004649460647361217,0.024939875953567,-0.0022087581296739156,0.05438218145505986,-0.04065094283020313
54,0.35,0.7,0.9662234887965184,0.9537037037037037,335.85714285714283,324.5357142857143,54_trading_days,28,4.666666666666667,-0.00036544105092875187,0.02545652179265943,-0.0017042493719314766,0.054992372273864866,-0.031011420320401963
55,0.35,0.7,0.9662234887965184,0.9537037037037037,335.85714285714283,324.5357142857143,55_trading_days,28,4.581818181818182,-0.0003791731625885357,0.02480595360616776,-0.0017361231345874861,0.053097595262524847,-0.03271904277050765
56,0.35,0.7,0.9662234887965184,0.9537037037037037,335.85714285714283,324.5357142857143,56_trading_days,28,4.5,-0.0007908885656989374,0.02379508843526646,-0.0035540759414847134,0.05047700517453152,-0.07050732374750576
57,0.35,0.7,0.9662234887965184,0.9537037037037037,335.85714285714283,324.5357142857143,57_trading_days,28,4.421052631578948,-0.00034289728065060925,0.024338983742223833,-0.0015150780036150557,0.05117587573454582,-0.02962268653388771
58,0.35,0.7,0.9662234887965184,0.9537037037037037,335.85714285714283,324.5357142857143,58_trading_days,28,4.344827586206897,3.0943504806482096e-05,0.023748688619863314,0.00013445115099863791,0.049502360308256985,0.0027159148060805468
59,0.35,0.7,0.9662234887965184,0.9537037037037037,335.85714285714283,324.5357142857143,59_trading_days,28,4.271186440677966,0.00025565664339322145,0.023726770018742044,0.0010924138793086957,0.04903575712139079,0.022268590368191274
60,0.35,0.7,0.9662234887965184,0.9537037037037037,335.85714285714283,324.5357142857143,60_trading_days,28,4.2,-0.00039503420507263243,0.024061703120506817,-0.0016580952954640127,0.04931181744419396,-0.03364596454354384
61,0.35,0.7,0.9662234887965184,0.9537037037037037,335.85714285714283,324.5357142857143,61_trading_days,28,4.131147540983607,-0.00014612659316573775,0.023903664478086666,-0.0006035324274761278,0.04858473487261798,-0.012425106725634804
62,0.35,0.7,0.9662234887965184,0.9537037037037037,335.85714285714283,324.5357142857143,62_trading_days,28,4.064516129032258,-0.0009379588087268586,0.024775805873763882,-0.003806873153876733,0.04994962305502078,-0.07632387340018165
63,0.35,0.7,0.9662234887965184,0.9537037037037037,335.85714285714283,324.5357142857143,63_trading_days,28,4.0,-0.0011969139401588453,0.02367095702621732,-0.004779066999512138,0.04734191405243464,-0.1011293239080427
1,0.4,0.8,0.966211471032799,0.9567567567567568,384.2857142857143,371.32142857142856,1_trading_days,28,252.0,6.327524083511039e-05,0.002313502984945298,0.016072653793094638,0.03672572133342519,0.4341742003018322
2,0.4,0.8,0.966211471032799,0.9567567567567568,384.2857142857143,371.32142857142856,2_trading_days,28,126.0,0.0003332119518455199,0.003797820250476055,0.04287123558575057,0.04263042658150018,0.9848530568247966
3,0.4,0.8,0.966211471032799,0.9567567567567568,384.2857142857143,371.32142857142856,3_trading_days,28,84.0,0.00043294948735962593,0.00399472825384145,0.03702899208548405,0.036612289208014424,0.9933210330439453
4,0.4,0.8,0.966211471032799,0.9567567567567568,384.2857142857143,371.32142857142856,4_trading_days,28,63.0,0.00033944746858869133,0.0037493905189835215,0.021611785277921625,0.029759864643881397,0.7185916595048875
5,0.4,0.8,0.966211471032799,0.9567567567567568,384.2857142857143,371.32142857142856,5_trading_days,28,50.4,0.0001513767347124867,0.0042734998326077415,0.0076579835423573606,0.030338839155324305,0.25147262195661213
6,0.4,0.8,0.966211471032799,0.9567567567567568,384.2857142857143,371.32142857142856,6_trading_days,28,42.0,-8.206746543546657e-05,0.004513602266176634,-0.0034410409942488007,0.02925148590283686,-0.11783447718651845
7,0.4,0.8,0.966211471032799,0.9567567567567568,384.2857142857143,371.32142857142856,7_trading_days,28,36.0,8.998905567126834e-05,0.006145879432025546,0.003244712970184249,0.036875276592153276,0.0878530631782439
8,0.4,0.8,0.966211471032799,0.9567567567567568,384.2857142857143,371.32142857142856,8_trading_days,28,31.5,1.937934524403788e-05,0.005835613312094132,0.0006106298187384951,0.03275229848333003,0.018638367487335102
9,0.4,0.8,0.966211471032799,0.9567567567567568,384.2857142857143,371.32142857142856,9_trading_days,28,28.0,0.0002524989394756853,0.006217005783683137,0.0070941227865706225,0.03289730240615161,0.21491033574829366
10,0.4,0.8,0.966211471032799,0.9567567567567568,384.2857142857143,371.32142857142856,10_trading_days,28,25.2,0.0004128772243237895,0.006866406434215582,0.010456651379823434,0.034469086736667334,0.3018503545639765
11,0.4,0.8,0.966211471032799,0.9567567567567568,384.2857142857143,371.32142857142856,11_trading_days,28,22.90909090909091,-0.00040211709386183775,0.006824768711744857,-0.009171671006047544,0.03266569221695407,-0.2820126081577118
12,0.4,0.8,0.966211471032799,0.9567567567567568,384.2857142857143,371.32142857142856,12_trading_days,28,21.0,-0.0002665847841374918,0.007209912989922365,-0.0055833814703051265,0.03303997203036462,-0.16943962488050407
13,0.4,0.8,0.966211471032799,0.9567567567567568,384.2857142857143,371.32142857142856,13_trading_days,28,19.384615384615383,-4.1946312552200316e-05,0.007795848814215052,-0.0008127996888858124,0.03432353442553638,-0.02368966801455969
14,0.4,0.8,0.966211471032799,0.9567567567567568,384.2857142857143,371.32142857142856,14_trading_days,28,18.0,0.0001267303756408758,0.007581728515724278,0.0022836056931643256,0.032166549879504326,0.07091673710985244
15,0.4,0.8,0.966211471032799,0.9567567567567568,384.2857142857143,371.32142857142856,15_trading_days,28,16.8,0.0004886226361195462,0.008116948485595223,0.008240623975013905,0.03326958860068983,0.2467376553805108
16,0.4,0.8,0.966211471032799,0.9567567567567568,384.2857142857143,371.32142857142856,16_trading_days,28,15.75,0.000906446592718551,0.008486178674187855,0.014372370741684515,0.03367847752974133,0.4239067464587622
17,0.4,0.8,0.966211471032799,0.9567567567567568,384.2857142857143,371.32142857142856,17_trading_days,28,14.823529411764707,0.0008979363319365495,0.009623942208764794,0.01339351336132033,0.03705346410469641,0.3592264838921358
18,0.4,0.8,0.966211471032799,0.9567567567567568,384.2857142857143,371.32142857142856,18_trading_days,28,14.0,0.00099532794217302,0.010160205288777294,0.014025102768551845,0.03801600716989323,0.3665453641185594
19,0.4,0.8,0.966211471032799,0.9567567567567568,384.2857142857143,371.32142857142856,19_trading_days,28,13.263157894736842,0.0015764213636235507,0.009635749672481868,0.021111625298761538,0.03509206934036077,0.5958134087672062
20,0.4,0.8,0.966211471032799,0.9567567567567568,384.2857142857143,371.32142857142856,20_trading_days,28,12.6,0.0022294971489411784,0.009776671728083946,0.02845779666697057,0.03470374197391141,0.8094707509575421
21,0.4,0.8,0.966211471032799,0.9567567567567568,384.2857142857143,371.32142857142856,21_trading_days,28,12.0,0.0019699465495904506,0.009939647250191403,0.023897173419311413,0.03443194809328758,0.6865530387952065
22,0.4,0.8,0.966211471032799,0.9567567567567568,384.2857142857143,371.32142857142856,22_trading_days,28,11.454545454545455,0.0015483899102865452,0.010848090075161179,0.017880358881838587,0.03671488841319891,0.4830765767045259
23,0.4,0.8,0.966211471032799,0.9567567567567568,384.2857142857143,371.32142857142856,23_trading_days,28,10.956521739130435,0.0014446199871733522,0.012606599066778447,0.015942332873793097,0.04172864602961136,0.3793080245885605
24,0.4,0.8,0.966211471032799,0.9567567567567568,384.2857142857143,371.32142857142856,24_trading_days,28,10.5,0.0017462670189384865,0.012384047773079818,0.018488649922823175,0.040128901207012804,0.4569226454585754
25,0.4,0.8,0.966211471032799,0.9567567567567568,384.2857142857143,371.32142857142856,25_trading_days,28,10.08,0.0012596565420573906,0.013038240719192927,0.012770198902959162,0.0413951309721365,0.3067350590697541
26,0.4,0.8,0.966211471032799,0.9567567567567568,384.2857142857143,371.32142857142856,26_trading_days,28,9.692307692307692,0.0015837283550970084,0.011816349413972216,0.015456068589751792,0.03678721589984998,0.4172640452167282
27,0.4,0.8,0.966211471032799,0.9567567567567568,384.2857142857143,371.32142857142856,27_trading_days,28,9.333333333333334,0.0009088754135818416,0.01231462622006925,0.008515033009084627,0.03762180453903684,0.2254766164825674
28,0.4,0.8,0.966211471032799,0.9567567567567568,384.2857142857143,371.32142857142856,28_trading_days,28,9.0,0.0016409472009886639,0.01196519884136115,0.014865834363434915,0.03589559652408345,0.4114299869341723
29,0.4,0.8,0.966211471032799,0.9567567567567568,384.2857142857143,371.32142857142856,29_trading_days,28,8.689655172413794,0.0006933775903557227,0.013758590157873268,0.006041299741655681,0.040557876223621066,0.1485583744880929
30,0.4,0.8,0.966211471032799,0.9567567567567568,384.2857142857143,371.32142857142856,30_trading_days,28,8.4,0.0007162273236091366,0.013897331309659235,0.006032277370211947,0.040278292754977255,0.14936853344096376
31,0.4,0.8,0.966211471032799,0.9567567567567568,384.2857142857143,371.32142857142856,31_trading_days,28,8.129032258064516,0.0010962778879209584,0.013946226756032389,0.008946580587651853,0.03976272556055716,0.2241214149452645
32,0.4,0.8,0.966211471032799,0.9567567567567568,384.2857142857143,371.32142857142856,32_trading_days,28,7.875,0.0010224207028691264,0.013972503689107683,0.008079917556021554,0.03921024123005693,0.205343369041106
33,0.4,0.8,0.966211471032799,0.9567567567567568,384.2857142857143,371.32142857142856,33_trading_days,28,7.636363636363637,0.0007627011716190707,0.015631989733726585,0.005839024569013196,0.043197395391776285,0.13482904326848857
34,0.4,0.8,0.966211471032799,0.9567567567567568,384.2857142857143,371.32142857142856,34_trading_days,28,7.411764705882353,0.0009384454519922655,0.01715960592400647,0.006976498392162522,0.04671626590944085,0.14888897355270958
35,0.4,0.8,0.966211471032799,0.9567567567567568,384.2857142857143,371.32142857142856,35_trading_days,28,7.2,0.0011706855171979087,0.017632614670479132,0.008459587534595414,0.04731327002910167,0.17815162043630536
36,0.4,0.8,0.966211471032799,0.9567567567567568,384.2857142857143,371.32142857142856,36_trading_days,28,7.0,0.001056660617363665,0.017909572540875763,0.007420112822897895,0.04738427503062844,0.1560987124265296
37,0.4,0.8,0.966211471032799,0.9567567567567568,384.2857142857143,371.32142857142856,37_trading_days,28,6.8108108108108105,0.0014017027507366396,0.017706865978188758,0.009585698964673872,0.046210546911823386,0.2065920636359692
38,0.4,0.8,0.966211471032799,0.9567567567567568,384.2857142857143,371.32142857142856,38_trading_days,28,6.631578947368421,0.0006672005773537576,0.0169475249039981,0.00443291433735693,0.0436430157472781,0.10138147482915834
39,0.4,0.8,0.966211471032799,0.9567567567567568,384.2857142857143,371.32142857142856,39_trading_days,28,6.461538461538462,-0.0002700563207264373,0.018259316152725334,-0.0017436929648250166,0.04641437162600097,-0.037595667936995564
40,0.4,0.8,0.966211471032799,0.9567567567567568,384.2857142857143,371.32142857142856,40_trading_days,28,6.3,-0.0003465452172115966,0.02008661013370695,-0.0021812309015981635,0.05041699130234066,-0.04330355326720378
41,0.4,0.8,0.966211471032799,0.9567567567567568,384.2857142857143,371.32142857142856,41_trading_days,28,6.146341463414634,0.00020930391122755805,0.019524736050837942,0.0012871463596979549,0.048405366589049856,0.026576666983115334
42,0.4,0.8,0.966211471032799,0.9567567567567568,384.2857142857143,371.32142857142856,42_trading_days,28,6.0,0.0003837173443095359,0.019370864460216207,0.0023045137811503746,0.0474487338041428,0.04852192843249694
43,0.4,0.8,0.966211471032799,0.9567567567567568,384.2857142857143,371.32142857142856,43_trading_days,28,5.8604651162790695,0.0003367888517709234,0.018919467520282746,0.0019753554743893176,0.04580099910438141,0.04309380485034807
44,0.4,0.8,0.966211471032799,0.9567567567567568,384.2857142857143,371.32142857142856,44_trading_days,28,5.7272727272727275,-4.800080321872924e-05,0.018619545639214787,-0.00027488250229223965,0.044559777243690556,-0.006169548147836384
45,0.4,0.8,0.966211471032799,0.9567567567567568,384.2857142857143,371.32142857142856,45_trading_days,28,5.6,-0.0006750475297988287,0.01931795646183277,-0.0037744016427593285,0.045714628669858974,-0.08269270202704027
46,0.4,0.8,0.966211471032799,0.9567567567567568,384.2857142857143,371.32142857142856,46_trading_days,28,5.478260869565218,-0.0014098826200124412,0.020736972771105963,-0.007699361561504858,0.048536305104443914,-0.15913252505055384
47,0.4,0.8,0.966211471032799,0.9567567567567568,384.2857142857143,371.32142857142856,47_trading_days,28,5.361702127659575,-0.0016125127923433652,0.02176997307971422,-0.008615463854426353,0.05040913363470093,-0.17151283202443393
48,0.4,0.8,0.966211471032799,0.9567567567567568,384.2857142857143,371.32142857142856,48_trading_days,28,5.25,-0.0010513395366304461,0.021021558650973247,-0.005507215435129775,0.048166441872019336,-0.11459290644668166
49,0.4,0.8,0.966211471032799,0.9567567567567568,384.2857142857143,371.32142857142856,49_trading_days,28,5.142857142857143,-0.0009814919071422107,0.021353466286389365,-0.005037420837101014,0.048425109791132744,-0.10423667983561477
50,0.4,0.8,0.966211471032799,0.9567567567567568,384.2857142857143,371.32142857142856,50_trading_days,28,5.04,-0.000212893542015675,0.02140009588042004,-0.0010725221201737245,0.048043096097186544,-0.022333769863383913
51,0.4,0.8,0.966211471032799,0.9567567567567568,384.2857142857143,371.32142857142856,51_trading_days,28,4.9411764705882355,-0.0006680480502754,0.022567815762032185,-0.003296600633425739,0.05016544973127503,-0.06580113055749645
52,0.4,0.8,0.966211471032799,0.9567567567567568,384.2857142857143,371.32142857142856,52_trading_days,28,4.846153846153846,-0.0008078246054461276,0.022057821223919475,-0.003908765235781875,0.04855804699233115,-0.08062190638183496
53,0.4,0.8,0.966211471032799,0.9567567567567568,384.2857142857143,371.32142857142856,53_trading_days,28,4.754716981132075,-0.001564031426297706,0.022455382688164455,-0.007414722634771054,0.04896466599369401,-0.15187537034562118
54,0.4,0.8,0.966211471032799,0.9567567567567568,384.2857142857143,371.32142857142856,54_trading_days,28,4.666666666666667,-0.0014993353759009522,0.022816615329043003,-0.006977691092331595,0.04928952252094855,-0.1419550862538252
55,0.4,0.8,0.966211471032799,0.9567567567567568,384.2857142857143,371.32142857142856,55_trading_days,28,4.581818181818182,-0.001384424435627019,0.02188696258647948,-0.00632747263276956,0.04684944184745855,-0.1353950186036923
56,0.4,0.8,0.966211471032799,0.9567567567567568,384.2857142857143,371.32142857142856,56_trading_days,28,4.5,-0.001835428015238265,0.02119466574384592,-0.008232937349291203,0.04496067561736701,-0.1837033353071281
57,0.4,0.8,0.966211471032799,0.9567567567567568,384.2857142857143,371.32142857142856,57_trading_days,28,4.421052631578948,-0.0014708402011221545,0.021776925602670825,-0.006486321233151071,0.04578881560240957,-0.1420141983637816
58,0.4,0.8,0.966211471032799,0.9567567567567568,384.2857142857143,371.32142857142856,58_trading_days,28,4.344827586206897,-0.0011217055801291224,0.020826713666821393,-0.0048644826697048504,0.04341172266285019,-0.11226500698894969
59,0.4,0.8,0.966211471032799,0.9567567567567568,384.2857142857143,371.32142857142856,59_trading_days,28,4.271186440677966,-0.0007407040038608927,0.020653163830596934,-0.00315985427257226,0.0426835816499872,-0.07411948050164327
60,0.4,0.8,0.966211471032799,0.9567567567567568,384.2857142857143,371.32142857142856,60_trading_days,28,4.2,-0.0012318011874848617,0.02099402953688425,-0.005163377709139105,0.0430249574087109,-0.12024567365147401
61,0.4,0.8,0.966211471032799,0.9567567567567568,384.2857142857143,371.32142857142856,61_trading_days,28,4.131147540983607,-0.0009062426571148065,0.02109036244869821,-0.003738513846761271,0.04286663531764226,-0.08733650534343361
62,0.4,0.8,0.966211471032799,0.9567567567567568,384.2857142857143,371.32142857142856,62_trading_days,28,4.064516129032258,-0.0017402632462599403,0.021933438265951746,-0.007054489352647075,0.04421922658205032,-0.1599604647100907
63,0.4,0.8,0.966211471032799,0.9567567567567568,384.2857142857143,371.32142857142856,63_trading_days,28,4.0,-0.0020852565941766464,0.020979026339377364,-0.008314972856661607,0.04195805267875473,-0.1987944111841498
